"","jobID","Formula","Date_day","MD_Amp","MD_Steam","MD_Temp","MD_Temp_PL","MD_Performance","Status"
"1",40317,"553SPF-WD",2019-05-31,363,1029,75.5,88.5,15,"TRUE"
"2",40320,"552SF-WD",2019-05-31,357,1013,76,89,14,"TRUE"
"3",40327,"552S-KN    PIG STR",2019-06-01,350,1069,74,87,16,"TRUE"
"4",40337,"552SF-WD",2019-06-01,340.5,1022.5,73,87,15,"TRUE"
"5",40342,"553LF-WD  PIG GRW",2019-06-01,361,1037,76,89,15,"TRUE"
"6",40360,"552S-KN    PIG STR",2019-06-03,314,1022.5,74,87,15,"TRUE"
"7",40368,"552SF-WD",2019-06-04,324.5,1018.5,74,86,16,"TRUE"
"8",40376,"552SF-WD",2019-06-04,321.5,1018,73,85,16,"TRUE"
"9",40382,"552SF-WD",2019-06-04,297,1027.5,76,84.5,15,"TRUE"
"10",40387,"552S-KN    PIG STR",2019-06-04,303,1025,74,85,15,"TRUE"
"11",40390,"552SF-WD",2019-06-04,296,1019,76,88,14,"TRUE"
"12",40396,"552SF-WD",2019-06-04,342,1056,73,87,16,"TRUE"
"13",40400,"553LFOM-SWD  PIG GRW",2019-06-04,288,1006.5,76,88.5,15,"FALSE"
"14",40402,"552SF-WD",2019-06-04,335.5,1008,73.5,86,15,"TRUE"
"15",40426,"552S-KN    PIG STR",2019-06-05,356,1016,72,86,16,"TRUE"
"16",40431,"552SF-WD",2019-06-05,358,1028,73,89,16,"TRUE"
"17",40446,"566     GEST SOW",2019-06-06,326,1014,74,87,15,"TRUE"
"18",40451,"552S-KN    PIG STR",2019-06-06,350,1019,74,87,15,"TRUE"
"19",40462,"552SF-WD",2019-06-06,356.5,1014.5,70,86,15,"TRUE"
"20",40489,"552SF-WD",2019-06-07,360,1017,69,83.5,16,"TRUE"
"21",40508,"552S-KN    PIG STR",2019-06-08,354,1045,71,85,16,"TRUE"
"22",40595,"553SPF-WD",2019-06-11,362,1077.5,73.5,87.5,14.5,"TRUE"
"23",40598,"552S-KN    PIG STR",2019-06-11,350.5,1021.5,70,88.5,15,"TRUE"
"24",40599,"S2LT    PIG GRW",2019-06-11,304,1021,71,85,15,"TRUE"
"25",40601,"562F   PIG BRD STR",2019-06-11,358,1037.5,69,86,15,"TRUE"
"26",40603,"552SF-WD",2019-06-11,332.5,1045.5,70,86.5,15,"TRUE"
"27",40604,"553LF-WD  PIG GRW",2019-06-11,352.5,1091,70,86,15,"TRUE"
"28",40607,"553L    PIG GRW",2019-06-11,359,1053,69,86,16,"TRUE"
"29",40610,"552S-KN    PIG STR",2019-06-11,350,1038,70,86,16,"TRUE"
"30",40612,"552SF/552SFPL  PIG STR",2019-06-11,358,1122,70,88,16,"TRUE"
"31",40614,"553SPF-WD",2019-06-11,358.5,1043.5,69.5,87,15,"TRUE"
"32",40617,"553LF-WD  PIG GRW",2019-06-11,355,1014,71,85,15,"TRUE"
"33",40640,"552S-KN    PIG STR",2019-06-12,313,1038.5,70,82.5,15,"TRUE"
"34",40643,"552SF-WD",2019-06-12,352,1014,69,84,16,"TRUE"
"35",40645,"552SF-WD",2019-06-12,353,1025,69,84,16,"TRUE"
"36",40655,"553LF-WD  PIG GRW",2019-06-13,348,1044,69,85,16,"TRUE"
"37",40669,"552S-KN    PIG STR",2019-06-13,324.5,1063.5,69.5,87,15,"TRUE"
"38",40674,"552SF-WD",2019-06-13,346,1018,69,86,15,"TRUE"
"39",40681,"553L    PIG GRW",2019-06-14,340,1030,70,84,16,"TRUE"
"40",40708,"552/S1T   PIG GRW2",2019-06-14,304,1012,69,83,15,"TRUE"
"41",40749,"552S-KN    PIG GRW2",2019-06-16,295,1117,69,82,16,"TRUE"
"42",40753,"552SF-WD",2019-06-16,317,1041,69,84,14,"TRUE"
"43",40884,"552SF-WD",2019-06-20,313,1036,71,81,15,"TRUE"
"44",40900,"552SF-WD",2019-06-21,328.5,1479,74.5,86,18,"TRUE"
"45",40905,"552SF/552SFPL  PPIG GRW2",2019-06-21,329,1574,73,87,20,"TRUE"
"46",40908,"552SF-WD",2019-06-21,337,1502,73.5,88,21,"TRUE"
"47",40912,"552S-KN    PIG GRW2",2019-06-21,313,1595,73,87,21,"TRUE"
"48",40915,"553LF-WD  PIG FIN1",2019-06-21,251,1070,73,84,14,"FALSE"
"49",40917,"567SF-SWD",2019-06-21,226,1047,74,79,13,"FALSE"
"50",40921,"552SF-WD",2019-06-22,342.5,1431,70,84,20,"TRUE"
"51",40923,"552SF-WD",2019-06-22,348,1555,71,84,20,"TRUE"
"52",40927,"553SPF-WD",2019-06-22,355,1385,71,86,19,"TRUE"
"53",40930,"552SF/552SFPL  PPIG GRW2",2019-06-22,350,1418,70,85,19,"TRUE"
"54",40931,"552SF-WD",2019-06-22,341,1383,71,85,19,"TRUE"
"55",40933,"553L     PIG FIN1",2019-06-22,342,1343,71,85,20,"TRUE"
"56",40939,"553L     PIG FIN1",2019-06-22,302.5,1394,74,86,17,"TRUE"
"57",40941,"552S-KN    PIG GRW2",2019-06-22,320.5,1617.5,72,86,20,"TRUE"
"58",40945,"562     GILT GRW",2019-06-22,351,1386,70,85,18,"TRUE"
"59",40947,"552SF/552SFPL  PPIG GRW2",2019-06-22,321,1150,72,87,19,"TRUE"
"60",40948,"553SPF-WD",2019-06-22,357,1423,72,88,19,"TRUE"
"61",40951,"553LF-WD  PIG FIN1",2019-06-22,328,1411,74,87,17,"TRUE"
"62",40954,"553LF-WD  PIG FIN1",2019-06-22,312,1331.5,74,86,17,"TRUE"
"63",40957,"552SF-WD",2019-06-22,354.5,1498,71,85,20,"TRUE"
"64",40962,"552SF-WD",2019-06-23,355,1480,72,87,20,"TRUE"
"65",40967,"552SF-WD",2019-06-23,292,1032,71,81,14,"TRUE"
"66",40976,"552SF-WD",2019-06-23,309.5,1093,72,85,15,"TRUE"
"67",40981,"552S-KN    PIG GRW2",2019-06-24,284,1130,70,83,17,"FALSE"
"68",40982,"553SPF-WD",2019-06-24,297,1038,70,82,14,"TRUE"
"69",40987,"553L     PIG FIN1",2019-06-24,333,1135,69,85,19,"TRUE"
"70",40990,"553L     PIG FIN1",2019-06-24,288,1029,70,83,15,"FALSE"
"71",40993,"552SF-WD",2019-06-24,354,1467,72,87,18,"TRUE"
"72",41000,"552S-KN    PIG GRW2",2019-06-24,311.5,1641,74,88,21,"TRUE"
"73",41002,"552S-KN    PIG GRW2",2019-06-24,325,1635,72,88,21,"TRUE"
"74",41004,"552SF-WD",2019-06-24,306,1107.5,72,85,15,"TRUE"
"75",41008,"552SF-WD",2019-06-24,266,1014,74,88,14,"FALSE"
"76",41009,"552SF-SWD",2019-06-24,268,1074,75,86,14,"FALSE"
"77",41015,"566S/SP6 GEST SOW (SPEC PLF only)",2019-06-24,354,1105,70,84.5,20,"TRUE"
"78",41016,"552SF-WD",2019-06-24,351.5,1032.5,69.5,85,18,"TRUE"
"79",41018,"553SPF-WD",2019-06-24,351,1310,71,85,19,"TRUE"
"80",41034,"552SF/552SFPL  PPIG GRW2",2019-06-25,347.5,1139,71,87,17,"TRUE"
"81",41036,"562     GILT GRW",2019-06-25,352,1241,70,88,18,"TRUE"
"82",41038,"552SF-WD",2019-06-25,362.5,1353.5,69,85,18,"TRUE"
"83",41042,"552SF-WD",2019-06-25,352.5,1312.5,70,85,18,"TRUE"
"84",41045,"552SF-SWD",2019-06-25,302,1106,73,85,15,"TRUE"
"85",41049,"552S-KN    PIG GRW2",2019-06-25,315,1144,71,86,19,"TRUE"
"86",41051,"552SF-WD",2019-06-25,321,1208,71,83,18,"TRUE"
"87",41070,"552S-KN    PIG GRW2",2019-06-26,296,1144.5,71,81,18,"TRUE"
"88",41072,"552S-KN    PIG GRW2",2019-06-26,308,1595,75,86,20,"TRUE"
"89",41076,"553SPF-WD",2019-06-26,355,1589,73,86,19,"TRUE"
"90",41078,"562F   GILT GRW",2019-06-26,332,1096,71,86,18,"TRUE"
"91",41080,"562     GILT GRW",2019-06-26,345,1382,70,83,18,"TRUE"
"92",41082,"553L     PIG FIN1",2019-06-26,348,1427,71,85,20,"TRUE"
"93",41085,"553SPF-WD",2019-06-26,353,1411,71,85,19,"TRUE"
"94",41088,"552SF-WD",2019-06-26,347,1371,72,85,19,"TRUE"
"95",41092,"566S/SP6 GEST SOW (SPEC PLF only)",2019-06-26,348,1049.5,69.5,84.5,17,"TRUE"
"96",41093,"552S-KN    PIG GRW2",2019-06-27,328.5,1105,69.5,81.5,18,"TRUE"
"97",41105,"562     GILT GRW",2019-06-27,335,1065,70,83,17,"TRUE"
"98",41107,"552S-KN    PIG GRW2",2019-06-27,344.5,1383,74,88,20.5,"TRUE"
"99",41112,"552SF-WD",2019-06-27,357.5,1541.5,71,85,20,"TRUE"
"100",41115,"552SF-WD",2019-06-27,301,1166,73,84,15,"TRUE"
"101",41119,"552SF-SWD",2019-06-27,324,1176,73,84.5,16,"TRUE"
"102",41122,"552SF-WD",2019-06-27,304,1030,71,83,15,"TRUE"
"103",41126,"562F   GILT GRW",2019-06-27,356,1160,70,86,17,"TRUE"
"104",41127,"552SF-WD",2019-06-27,350,1515,72,86,19,"TRUE"
"105",41138,"552S-KN    PIG GRW2",2019-06-28,286,1310,70,82,18,"FALSE"
"106",41143,"553L     PIG FIN1",2019-06-28,341,1492,71,85,21,"TRUE"
"107",41148,"552S-KN    PIG GRW2",2019-06-28,347,1695,70,85,21,"TRUE"
"108",41153,"552SF-WD",2019-06-28,339,1637,70,84,21,"TRUE"
"109",41156,"553SPF-WD",2019-06-28,348,1515,72,85,19,"TRUE"
"110",41158,"562     GILT GRW",2019-06-28,362.5,1561,72,87,19,"TRUE"
"111",41164,"552SF-WD",2019-06-28,349,1380,72,86,19,"TRUE"
"112",41166,"553LF-WD  PIG FIN1",2019-06-28,355,1493,72,87,20,"TRUE"
"113",41170,"552/S1T   PIG GRW2",2019-06-29,290,1281,72,86,17,"FALSE"
"114",41180,"552S-KN    PIG GRW2",2019-06-29,288,1116.5,69,81,17,"FALSE"
"115",41183,"552SF-WD",2019-06-29,361,1488,71,85,21,"TRUE"
"116",41186,"553SPF-WD",2019-06-29,360,1562,72,88,20,"TRUE"
"117",41188,"552SF-WD",2019-06-29,352,1424,70,84,20,"TRUE"
"118",41192,"562     GILT GRW",2019-06-29,165,1322,83,90,20,"FALSE"
"119",41193,"553L     PIG FIN1",2019-06-29,331,1631.5,69,83,21,"TRUE"
"120",41196,"552SF-WD",2019-06-29,315,1414.5,71,83,18,"TRUE"
"121",41198,"553LFOM-SWD  PIG GRW",2019-06-29,297,1408,73,84,18,"TRUE"
"122",41202,"552SF-WD",2019-06-29,337,1407,71,83,20,"TRUE"
"123",41203,"552SF-SWD",2019-06-29,299,1455.5,74,86,18,"TRUE"
"124",41210,"552SF-WD",2019-06-30,333,1483,72,86,19,"TRUE"
"125",41212,"553LF-WD  PIG FIN1",2019-06-30,344.5,1409,71,86,20,"TRUE"
"126",41216,"553L     PIG FIN1",2019-06-30,324,1380,72,85,20,"TRUE"
"127",41219,"553SPF-WD",2019-06-30,343,1373.5,72,85,19,"TRUE"
"128",41222,"552SF-WD",2019-06-30,321,1405.5,72,83,19,"TRUE"
"129",41224,"552SF-WD",2019-06-30,291,1133,73,81,15,"FALSE"
"130",41226,"552SF-WD",2019-07-01,290,1053,73,86,15,"FALSE"
"131",41228,"552SF-WD",2019-07-01,294,1089,70,81,17,"TRUE"
"132",41230,"552S-KN    PIG GRW2",2019-07-01,302,1279,70,83,21,"TRUE"
"133",41236,"552SF-WD",2019-07-01,344,1419,69,81,21,"TRUE"
"134",41239,"553L     PIG FIN1",2019-07-01,315,1364,72,84,18,"TRUE"
"135",41242,"552S-KN    PIG GRW2",2019-07-01,294,1358,72,85,18,"TRUE"
"136",41243,"552SF-WD",2019-07-01,339,1484,70,84,19,"TRUE"
"137",41246,"552S-KN    PIG GRW2",2019-07-01,306.5,1508.5,71,83,19,"TRUE"
"138",41247,"553LF-WD  PIG FIN1",2019-07-01,331,1422,72,85,18,"TRUE"
"139",41263,"552/S1T   PIG GRW2",2019-07-02,263,1112,70,82,17,"FALSE"
"140",41265,"553SPF-WD",2019-07-02,313,1125,70,84,17,"TRUE"
"141",41267,"552F/552FPL   PIG GRW2",2019-07-02,314,1217,70,83,18,"TRUE"
"142",41271,"553L     PIG FIN1",2019-07-02,340,1448,69,84,21,"TRUE"
"143",41273,"552S-KN    PIG GRW2",2019-07-02,303,1557.5,71,85,20,"TRUE"
"144",41275,"552SF-WD",2019-07-02,333,1472,71,84,19,"TRUE"
"145",41279,"562F-WD",2019-07-02,356,1118,70,84,17,"TRUE"
"146",41280,"552SF-SWD",2019-07-02,309,1290.5,71,83,17,"TRUE"
"147",41287,"553LF-WD  PIG FIN1",2019-07-02,251,1128,75,81,18,"FALSE"
"148",41293,"552SF-WD",2019-07-03,338,1104,69,84,18,"TRUE"
"149",41296,"563F   GILT FIN",2019-07-03,338.5,1171.5,71,82.5,18,"TRUE"
"150",41297,"552SF-WD",2019-07-03,329.5,1318.5,70,84,19,"TRUE"
"151",41300,"552/S1T   PIG GRW2",2019-07-03,287,1393,71,82,19,"FALSE"
"152",41301,"552SF-WD",2019-07-03,337.5,1654,71,83,21,"TRUE"
"153",41303,"552S-KN    PIG GRW2",2019-07-03,295,1485,71,85,21,"TRUE"
"154",41306,"552S-KN    PIG GRW2",2019-07-03,291,1183.5,69,81,18,"FALSE"
"155",41314,"553L     PIG FIN1",2019-07-03,332.5,1292.5,70,82,20,"TRUE"
"156",41318,"553LFOM-SWD    PIG FIN1",2019-07-03,255,1229.5,73,82,15,"FALSE"
"157",41322,"562F-WD",2019-07-03,325,1214.5,70.5,84.5,16,"TRUE"
"158",41325,"552SF-SWD",2019-07-03,278.5,1213.5,72,83,15,"FALSE"
"159",41327,"552SF/552SFPL  PPIG GRW2",2019-07-03,298,1215,72,83,15,"TRUE"
"160",41331,"552SF-WD",2019-07-04,346.5,1565.5,70,84,21,"TRUE"
"161",41336,"552/S1T   PIG GRW2",2019-07-04,331,1618.5,71.5,87,22,"TRUE"
"162",41337,"562F   GILT GRW",2019-07-04,307,1336,82,83,20,"TRUE"
"163",41339,"552SF-WD",2019-07-04,352,1629,70,86,21,"TRUE"
"164",41340,"552S-KN    PIG GRW2",2019-07-04,319.5,1726.5,71,85,22,"TRUE"
"165",41342,"553L     PIG FIN1",2019-07-04,353,1288,71,88,22,"TRUE"
"166",41344,"553LF-WD  PIG FIN1",2019-07-04,329,1019,71,86,17,"TRUE"
"167",41345,"552S-KN    PIG GRW2",2019-07-04,312,1277,71,84,19,"TRUE"
"168",41346,"552S-KN    PIG GRW2",2019-07-04,308,1413,71,85,19,"TRUE"
"169",41351,"552/S1T   PIG GRW2",2019-07-04,258,1010,73.5,81,13,"FALSE"
"170",41353,"552/S1T   PIG GRW2",2019-07-04,261,1036,74,82,13,"FALSE"
"171",41355,"562F-WD",2019-07-04,359,1064,71,82,18,"TRUE"
"172",41358,"552SF-WD",2019-07-04,351,1056,70,84,19,"TRUE"
"173",41364,"552SF-WD",2019-07-04,324,1056,70,83,19,"TRUE"
"174",41365,"553LF-WD  PIG FIN1",2019-07-05,356,1221,69,82,20,"TRUE"
"175",41367,"552SF/552SFPL  PPIG GRW2",2019-07-05,356,1220,70,87,20,"TRUE"
"176",41372,"552/S1T   PIG GRW2",2019-07-05,246.5,1313,70,80,19,"FALSE"
"177",41373,"552S-KN    PIG GRW2",2019-07-05,324.5,1345.5,70,83,22,"TRUE"
"178",41376,"552SF-WD",2019-07-05,358,1338.5,71,84,21,"TRUE"
"179",41379,"553L     PIG FIN1",2019-07-05,346,1301,71,85,19,"TRUE"
"180",41381,"552SF-WD",2019-07-05,347.5,1205,71,84,17,"TRUE"
"181",41388,"562F   GILT GRW",2019-07-05,346,1051,71,83,16,"TRUE"
"182",41389,"553LF-WD  PIG FIN1",2019-07-05,348,1047,69.5,83.5,17,"TRUE"
"183",41395,"552SF/552SFPL  PPIG GRW2",2019-07-05,346,1032,70,82,18,"TRUE"
"184",41405,"553SPF-WD",2019-07-06,348,1076,69,79,18,"TRUE"
"185",41409,"552SF-WD",2019-07-06,356,1221,71,81,19,"TRUE"
"186",41414,"553LF-WD  PIG FIN1",2019-07-06,303,1025.5,72,82,14,"TRUE"
"187",41464,"552S-KN    PIG GRW2",2019-07-08,339.5,1054,69.5,81.5,17,"TRUE"
"188",41556,"552S-KN    PIG GRW2",2019-07-11,360.5,1139.5,90.5,81.5,18,"TRUE"
"189",41559,"552S-KN    PIG GRW2",2019-07-11,359,1175.5,91.5,82,18,"TRUE"
"190",41568,"552F/552FPL  CLR 552SF-WD Remix",2019-07-11,360,1036,93,82,15,"TRUE"
"191",41578,"552SF-WD",2019-07-12,362,1017,91,84,16,"TRUE"
"192",41587,"553SPF-WD",2019-07-12,363,1038,94,84,17,"TRUE"
"193",41588,"552S-KN    PIG GRW2",2019-07-12,356,1064,92,83,17,"TRUE"
"194",41595,"552F/552FPL   PIG GRW2",2019-07-12,365,1008,92,82,15,"TRUE"
"195",41601,"552S-KN    PIG GRW2",2019-07-12,360,1216,94,85,18,"TRUE"
"196",41603,"553L     PIG FIN1",2019-07-12,357,1039,94,84,15,"TRUE"
"197",41612,"553SPF-WD",2019-07-12,365,1021,94,83,14,"TRUE"
"198",41619,"552SF-WD",2019-07-13,361,1059,94,86,17,"TRUE"
"199",41631,"552S-KN    PIG GRW2",2019-07-13,362,1077,91,84,17,"TRUE"
"200",41635,"552F/552FPL  CLR 552SF-WD Remix",2019-07-13,358.5,1029.5,94,85,16,"TRUE"
"201",41639,"552S-KN    PIG GRW2",2019-07-13,354,1082,94,84,17,"TRUE"
"202",41642,"552SF-WD",2019-07-14,359,1030,92,85,16,"TRUE"
"203",41648,"567SF-SWD",2019-07-14,296,1046,92,78,17,"TRUE"
"204",41658,"566     GESTATION",2019-07-14,319,1188,89,86,18,"TRUE"
"205",41664,"562     GILT GRW",2019-07-14,300.5,1349,93,86.5,19.5,"TRUE"
"206",41666,"552S-KN    PIG GRW2",2019-07-14,261,1248,95,86,17,"FALSE"
"207",41674,"562F-WD",2019-07-15,347,1207,89,85,21,"TRUE"
"208",41681,"562     GILT GRW",2019-07-15,327,1049,89.5,82,21,"TRUE"
"209",41702,"552SF-WD",2019-07-16,273,1391.5,94,91,20,"FALSE"
"210",41718,"562F   GILT GRW",2019-07-17,346,1180,93,86,23,"TRUE"
"211",41719,"553LF-WD  PIG FIN1",2019-07-17,329.5,1369.5,94,84.5,23,"TRUE"
"212",41722,"552SF/552SFPL  PPIG GRW2",2019-07-17,317,1419,88,79,23,"TRUE"
"213",41725,"562F-WD",2019-07-17,355,1460,93,85,25,"TRUE"
"214",41737,"552SF-WD",2019-07-17,350.5,1508.5,95,86.5,24,"TRUE"
"215",41741,"553L     PIG FIN1",2019-07-17,322,1484,95,85,25,"TRUE"
"216",41744,"566     GESTATION",2019-07-17,311,1294,94,84,26,"TRUE"
"217",41746,"566S/SP6  GESTATION (SPEC PLF only)",2019-07-17,329,1344,94,84,26,"TRUE"
"218",41749,"552F/552FPL   PIG GRW2",2019-07-18,303.5,1246.5,90.5,86,22,"TRUE"
"219",41755,"552SF-WD",2019-07-18,353,1367,90,86,23,"TRUE"
"220",41763,"552SF-WD",2019-07-18,306,1284,94,83,21,"TRUE"
"221",41765,"552/S1T   PIG GRW2",2019-07-18,333.5,1488,93,83,24,"TRUE"
"222",41767,"562F   GILT GRW",2019-07-18,362,1422,92,83,25,"TRUE"
"223",41770,"562F-WD",2019-07-18,352,1437,93,84,24,"TRUE"
"224",41771,"562     GILT GRW",2019-07-18,360,1320,90,83,25,"TRUE"
"225",41772,"553L     PIG FIN1",2019-07-18,335,1533.5,94.5,85,25,"TRUE"
"226",41775,"566     GESTATION",2019-07-18,336,1524,93,84,26,"TRUE"
"227",41778,"552SF-WD",2019-07-18,357,1727,95,85,25,"TRUE"
"228",41781,"553L     PIG FIN1",2019-07-18,319,1555,95,85,24,"TRUE"
"229",41791,"552SF-WD",2019-07-18,277,1142,92,83,17,"FALSE"
"230",41797,"552/S1T   PIG GRW2",2019-07-19,304,1254,93,79,22,"TRUE"
"231",41803,"552SF-SWD",2019-07-19,289,1454,94,87,21,"FALSE"
"232",41808,"552F/552FPL   PIG GRW2",2019-07-19,333,1550,94,84,24,"TRUE"
"233",41810,"552SF-WD",2019-07-19,314.5,1398.5,92.5,83.5,23.5,"TRUE"
"234",41815,"553L     PIG FIN1",2019-07-19,324,1547.5,95,84,24,"TRUE"
"235",41818,"552SF-WD",2019-07-19,361,1564,93,84,23,"TRUE"
"236",41821,"566     GESTATION",2019-07-19,327,1636,93.5,85.5,28,"TRUE"
"237",41842,"552/S1T   PIG GRW2",2019-07-20,279,1462,79,86,21,"FALSE"
"238",41844,"553SPF-WD",2019-07-20,276,1556,81,87,21,"FALSE"
"239",41845,"552SF-WD",2019-07-20,315,1727,81.5,89,23,"TRUE"
"240",41850,"553LFOM-SWD    PIG FIN1",2019-07-20,272,1625,79,85,23,"FALSE"
"241",41852,"562F   GILT GRW",2019-07-20,355,1598,73,83,25,"TRUE"
"242",41854,"553LF-WD  PIG FIN1",2019-07-20,325,1699,76,85,24,"TRUE"
"243",41858,"553LF-WD  PIG FIN1",2019-07-20,309,1519.5,76,85,22,"TRUE"
"244",41860,"553L     PIG FIN1",2019-07-20,338.5,1496.5,72,81,24,"TRUE"
"245",41862,"553L     PIG FIN1",2019-07-20,337.5,1663.5,77,87.5,28,"TRUE"
"246",41864,"552S-KN    PIG GRW2",2019-07-20,321,1726,79,88,27,"TRUE"
"247",41866,"553L     PIG FIN1",2019-07-20,312,1615.5,78,87,24.5,"TRUE"
"248",41869,"553L     PIG FIN1",2019-07-20,307,1603,78,87,25,"TRUE"
"249",41870,"552SF-WD",2019-07-20,269,1295.5,78,84.5,17,"FALSE"
"250",41873,"553L     PIG FIN1",2019-07-20,310,1635,78,87,25,"TRUE"
"251",41874,"552/S1T   PIG GRW2",2019-07-21,329,1718,78,87,25,"TRUE"
"252",41876,"566     GESTATION",2019-07-21,303,1581,77,85,25,"TRUE"
"253",41877,"566     GESTATION",2019-07-21,284,1570,77,85,25,"FALSE"
"254",41878,"562     GILT GRW",2019-07-21,309,1464.5,75,84,22,"TRUE"
"255",41880,"553LF-WD  PIG FIN1",2019-07-21,243,1232,79,85,17,"FALSE"
"256",41882,"552F/552FPL   PIG GRW2",2019-07-21,328,1496,77,85,25,"TRUE"
"257",41884,"552SF-WD",2019-07-21,334.5,1587.5,77,86,25,"TRUE"
"258",41886,"567SF-SWD",2019-07-21,198,1283,80,82,16,"FALSE"
"259",41889,"552F/552FPL   PIG GRW2",2019-07-21,325,1670,77,84,24,"TRUE"
"260",41891,"553LF-WD  PIG FIN1",2019-07-21,297,1554,75,84,22,"TRUE"
"261",41892,"552S-KN    PIG GRW2",2019-07-21,303,1597,73,83,24,"TRUE"
"262",41895,"552SF-WD",2019-07-21,348,1607,74,84,24,"TRUE"
"263",41896,"552SF-SWD",2019-07-21,326,1532,76,84,22,"TRUE"
"264",41896,"552SF-WD",2019-07-21,337,1332,73,81,24,"TRUE"
"265",41900,"552SF-WD",2019-07-21,342,1626.5,76,85,24,"TRUE"
"266",41902,"552SF-WD",2019-07-21,344,1626,77,86,24,"TRUE"
"267",41902,"552SF/552SFPL  PPIG GRW2",2019-07-21,280,1303,76,81,24,"FALSE"
"268",41903,"552SF/552SFPL  PPIG GRW2",2019-07-21,355,1496,73,82,24,"TRUE"
"269",41906,"553LF-WD  PIG FIN1",2019-07-21,323,1543,77,85,25,"TRUE"
"270",41909,"553SPF-WD",2019-07-22,292,1626,79,87,22,"TRUE"
"271",41911,"552/S1T   PIG GRW2",2019-07-22,291.5,1578,80,88.5,22,"FALSE"
"272",41912,"566F   GESTATION",2019-07-22,300,1359,75,84,22,"TRUE"
"273",41913,"562F-WD",2019-07-22,353,1726.5,77,88,26,"TRUE"
"274",41916,"553L     PIG FIN1",2019-07-22,269,1672,81,90,23,"FALSE"
"275",41918,"552SF-WD",2019-07-22,321,1706,80,90,26,"TRUE"
"276",41920,"553LF-WD  PIG FIN1",2019-07-22,255,1524,83,93,21,"FALSE"
"277",41921,"552SF-WD",2019-07-22,291,1608.5,81,91,22,"FALSE"
"278",41923,"566F   GESTATION",2019-07-22,324,1712,78,90,25,"TRUE"
"279",41925,"552F/552FPL   PIG GRW2",2019-07-22,321,1645,79,89,24,"TRUE"
"280",41927,"552S-KN    PIG GRW2",2019-07-22,292.5,1727,81,90,24,"TRUE"
"281",41930,"553L     PIG FIN1",2019-07-22,349,1726,80,91,29,"TRUE"
"282",41933,"563F   GILT FIN",2019-07-22,361,1585,73,84,24,"TRUE"
"283",41936,"553LF-WD  PIG FIN1",2019-07-22,327,1455,73,85,24,"TRUE"
"284",41936,"562     GILT GRW",2019-07-22,354,1627,72.5,84,24,"TRUE"
"285",41937,"553LF-WD  PIG FIN1",2019-07-22,331,1569,73,85,24,"TRUE"
"286",41939,"562F-WD",2019-07-22,360,1479,71,83,24,"TRUE"
"287",41940,"553LFOM-SWD    PIG FIN1",2019-07-22,289,1421,74,83,23,"FALSE"
"288",41945,"552SF/552SFPL  PPIG GRW2",2019-07-22,349,1483,75,85,24,"TRUE"
"289",41946,"552SF-WD",2019-07-22,355,1619,76,86,24,"TRUE"
"290",41951,"567SF-SWD",2019-07-23,207,1175.5,79,80,16,"FALSE"
"291",41956,"566F   GESTATION",2019-07-23,326.5,1705.5,72,82.5,30,"TRUE"
"292",41959,"552/S1T   PIG GRW2",2019-07-23,284,1711.5,80,89,22,"FALSE"
"293",41962,"562F   GILT GRW",2019-07-23,356,1633,75,87,26,"TRUE"
"294",41965,"552SF-WD",2019-07-23,325.5,1690.5,80.5,90,22,"TRUE"
"295",41968,"552SF-WD",2019-07-23,289,1368,78,84,17,"FALSE"
"296",41973,"552S-KN    PIG GRW2",2019-07-23,316,1728,77,86,27,"TRUE"
"297",41974,"552S-KN    PIG GRW2",2019-07-23,304,1726,78,89,26,"TRUE"
"298",41977,"562F-WD",2019-07-23,352.5,1514.5,71,84,24.5,"TRUE"
"299",41980,"553L     PIG FIN1",2019-07-23,322.5,1726,80,92,27,"TRUE"
"300",41983,"553L     PIG FIN1",2019-07-23,314,1728,76,87,25,"TRUE"
"301",41985,"552S-KN    PIG GRW2",2019-07-23,311,1684.5,75,86,24,"TRUE"
"302",41985,"552SF-WD",2019-07-23,305,1467,77,86,24,"TRUE"
"303",41986,"552SF-WD",2019-07-23,359,1587,72,86,24,"TRUE"
"304",41987,"553LFOM-SWD PIG FIN1",2019-07-23,281.5,1437,73,84,22,"FALSE"
"305",41990,"552SF/552SFPL  PPIG GRW2",2019-07-23,348,1699,75,87,24,"TRUE"
"306",41992,"552SF-WD",2019-07-23,334,1699,77,88,24,"TRUE"
"307",41993,"552SF-WD",2019-07-23,346.5,1679.5,74.5,86,24,"TRUE"
"308",41996,"552SF-WD",2019-07-24,335.5,1621.5,75,86,24,"TRUE"
"309",41999,"552/S1T   PIG GRW2",2019-07-24,344.5,1635,75,85,26,"TRUE"
"310",42001,"562F   GILT GRW",2019-07-24,353.5,1715.5,74,86,26,"TRUE"
"311",42004,"552F/552FPL   PIG GRW2",2019-07-24,289,1499,77,88,21,"FALSE"
"312",42007,"552SF-WD",2019-07-24,349,1514,75,85,22,"TRUE"
"313",42011,"566     GESTATION",2019-07-24,330.5,1517,72,82,27,"TRUE"
"314",42013,"553L     PIG FIN1",2019-07-24,278,1728,81,91,22,"FALSE"
"315",42018,"552S-KN    PIG GRW2",2019-07-24,265.5,1728,81,90,22,"FALSE"
"316",42019,"562     GILT GRW",2019-07-24,331,1523,73,84,23,"TRUE"
"317",42021,"552S-KN    PIG GRW2",2019-07-24,293.5,1634.5,76,87,23,"TRUE"
"318",42023,"552SF-WD",2019-07-24,304,1679,78,88,22,"TRUE"
"319",42027,"552SF-WD",2019-07-24,325,1551,75,85,22,"TRUE"
"320",42031,"552SF-SWD",2019-07-24,338.5,1504.5,73,84,22,"TRUE"
"321",42033,"552SF-WD",2019-07-25,324,1578,77,87,22,"TRUE"
"322",42036,"552F/552FPL   PIG GRW2",2019-07-25,317,1679,75,84,22,"TRUE"
"323",42039,"552S-KN    PIG GRW2",2019-07-25,287.5,1698,77,87,22,"FALSE"
"324",42039,"553L     PIG FIN1",2019-07-25,264,1719,80,89,22,"FALSE"
"325",42041,"553L     PIG FIN1",2019-07-25,272,1727,80,89,22,"FALSE"
"326",42045,"552SF-WD",2019-07-25,317,1727,78,88,22,"TRUE"
"327",42048,"553L     PIG FIN1",2019-07-25,297.5,1356,71.5,83,22,"TRUE"
"328",42049,"566     GESTATION",2019-07-25,312,1492.5,71,80,24,"TRUE"
"329",42053,"553LF-WD  PIG FIN1",2019-07-25,302,1557,75,84,22,"TRUE"
"330",42054,"562F-WD",2019-07-25,356.5,1578,70,81,24,"TRUE"
"331",42056,"552S-KN    PIG GRW2",2019-07-25,332,1691,75,84,22,"TRUE"
"332",42059,"562     GILT GRW",2019-07-25,341,1564,71,82,23,"TRUE"
"333",42061,"553SPF-WD",2019-07-25,279.5,1605,79,88,21,"FALSE"
"334",42063,"566S/SP6  GESTATION (SPEC PLF only)",2019-07-25,330.5,1498,74.5,86,22,"TRUE"
"335",42065,"552SF-WD",2019-07-25,311.5,1719.5,79,89,22,"TRUE"
"336",42067,"552SF-WD",2019-07-25,308,1727,80,91,22,"TRUE"
"337",42070,"553LF-WD  PIG FIN1",2019-07-26,274,1726,80,90,22,"FALSE"
"338",42073,"552SF-WD",2019-07-26,312.5,1647.5,76,84,22,"TRUE"
"339",42076,"566F   GESTATION",2019-07-26,285.5,1615.5,76,86,22,"FALSE"
"340",42078,"552F/552FPL   PIG GRW2",2019-07-26,302,1727,78.5,88,22,"TRUE"
"341",42081,"553L     PIG FIN1",2019-07-26,271,1697,81,90,22,"FALSE"
"342",42085,"552SF-WD",2019-07-26,281,1721.5,81,90,21,"FALSE"
"343",42087,"552SF-WD",2019-07-26,298,1726,79,88,20,"TRUE"
"344",42089,"553LF/553LFPL   PIG FIN1",2019-07-26,308,1669,78,88,22,"TRUE"
"345",42091,"566     GESTATION",2019-07-26,283,1545,74,84,22,"FALSE"
"346",42094,"566F   GESTATION",2019-07-26,338,1726,75,86,25,"TRUE"
"347",42095,"562F-WD",2019-07-26,347,1727,75,87,23.5,"TRUE"
"348",42098,"552S-KN    PIG GRW2",2019-07-26,286,1728,78,88.5,22,"FALSE"
"349",42098,"566F   GESTATION",2019-07-26,298,1244,71,82,22,"TRUE"
"350",42101,"566F   GESTATION",2019-07-26,315,1484,72,83,23,"TRUE"
"351",42103,"552SF-WD",2019-07-26,345.5,1621.5,72,82,22,"TRUE"
"352",42109,"553LF-WD  PIG FIN1",2019-07-26,257,1485.5,76,83,21,"FALSE"
"353",42112,"552SF-WD",2019-07-27,267,1721,79,87,21,"FALSE"
"354",42113,"552F/552FPL   PIG GRW2",2019-07-27,281,1727.5,80,91,21,"FALSE"
"355",42114,"553L     PIG FIN1",2019-07-27,274,1712,81,91,21,"FALSE"
"356",42116,"552S-KN    PIG GRW2",2019-07-27,267,1660,77,85,21,"FALSE"
"357",42119,"552SF-WD",2019-07-27,280,1499,76,85,19,"FALSE"
"358",42122,"562F   GILT GRW",2019-07-27,318,1564.5,74,84,21,"TRUE"
"359",42125,"566     GESTATION",2019-07-27,318,1538.5,74,83,25,"TRUE"
"360",42126,"552SF-WD",2019-07-27,344,1662,75,85,22,"TRUE"
"361",42128,"552SF-WD",2019-07-27,315,1727,77,87,22,"TRUE"
"362",42131,"553LF-WD  PIG FIN1",2019-07-27,251.5,1617.5,78,87,19,"FALSE"
"363",42134,"566     GESTATION",2019-07-27,302.5,1715.5,78,88,25,"TRUE"
"364",42135,"553LF-WD  PIG FIN1",2019-07-27,247,1476,78,86,18,"FALSE"
"365",42137,"562     GILT GRW",2019-07-27,346,1493,70,82,23,"TRUE"
"366",42140,"552SF-WD",2019-07-27,289,1603,75,85,19,"FALSE"
"367",42147,"552SF/552SFPL  PPIG GRW2",2019-07-28,325,1333,72,83,21,"TRUE"
"368",42148,"552F/552FPL   PIG GRW2",2019-07-28,297,1605,74,85,21,"TRUE"
"369",42150,"553L     PIG FIN1",2019-07-28,278,1549,76,85,21,"FALSE"
"370",42153,"553LF-WD  PIG FIN1",2019-07-28,280,1667,78,88,21,"FALSE"
"371",42158,"566F   GESTATION",2019-07-28,303,1617,73,83,22,"TRUE"
"372",42163,"552SF-WD",2019-07-29,324,1684.5,76,85,21,"TRUE"
"373",42167,"552/S1T   PIG GRW2",2019-07-29,303.5,1593.5,75,84,21,"TRUE"
"374",42168,"552S-KN    PIG GRW2",2019-07-29,298.5,1463.5,74,82,21,"TRUE"
"375",42168,"552SF-WD",2019-07-29,292,1218,71,81,20,"TRUE"
"376",42172,"552SF-WD",2019-07-29,317,1687,74,84,21,"TRUE"
"377",42174,"567SF-SWD",2019-07-29,204,1373,81,83,15,"FALSE"
"378",42177,"552SF-SWD",2019-07-29,296,1726,77,86,21,"TRUE"
"379",42180,"552F/552FPL   PIG GRW2",2019-07-29,282,1721,78,87,21,"FALSE"
"380",42183,"552S-KN    PIG GRW2",2019-07-29,265,1649,78,86,21,"FALSE"
"381",42186,"562     GILT GRW",2019-07-29,298,1570,73,84,21,"TRUE"
"382",42188,"552F/552FPL   PIG GRW2",2019-07-29,289,1655,78,88,21,"FALSE"
"383",42190,"552SF-WD",2019-07-30,314,1625,78,88,22,"TRUE"
"384",42194,"552SF-WD",2019-07-30,328,1590,74,85,22,"TRUE"
"385",42196,"567SF-SWD",2019-07-30,190,1089,78,80,13,"FALSE"
"386",42198,"552SF-WD",2019-07-30,336,1716,75,85,22,"TRUE"
"387",42202,"552F/552FPL   PIG GRW2",2019-07-30,336,1725,75,85,23,"TRUE"
"388",42204,"552SF-WD",2019-07-30,349,1724,75,85,23,"TRUE"
"389",42206,"553LFOM-SWD PIG FIN1",2019-07-30,288,1460.5,76,86,21,"FALSE"
"390",42208,"552S-KN    PIG GRW2",2019-07-30,297,1725,78,88,22,"TRUE"
"391",42210,"566F   GESTATION",2019-07-30,296,1727,79,90,22,"TRUE"
"392",42213,"552SF-WD",2019-07-30,310,1255,74,86,20,"TRUE"
"393",42213,"553L     PIG FIN1",2019-07-30,303,1725,78,87,22,"TRUE"
"394",42214,"552SF-WD",2019-07-30,325,1723.5,77,89,21,"TRUE"
"395",42219,"552S-KN    PIG GRW2",2019-07-30,277,1670,78,88,20,"FALSE"
"396",42225,"552SF/552SFPL  PPIG GRW2",2019-07-30,312,1567,77,86,20,"TRUE"
"397",42229,"552SF-WD",2019-07-31,337,1572.5,74,83,22,"TRUE"
"398",42232,"552SF-WD",2019-07-31,345.5,1563,72,83,22,"TRUE"
"399",42236,"562F   GILT GRW",2019-07-31,330,1606,74,86,22,"TRUE"
"400",42238,"553LF/553LFPL   PIG FIN1",2019-07-31,310,1463,76,88,21,"TRUE"
"401",42239,"552SF/552SFPL  PPIG GRW2",2019-07-31,284,1252,76,83,17,"FALSE"
"402",42243,"552F/552FPL   PIG GRW2",2019-07-31,321,1538,75,85,21,"TRUE"
"403",42244,"553L     PIG FIN1",2019-07-31,287,1722.5,78,87.5,21,"FALSE"
"404",42247,"562F   GILT GRW",2019-07-31,276,1421,79,87,17,"FALSE"
"405",42250,"552SF-WD",2019-07-31,309,1651.5,77,87,20,"TRUE"
"406",42251,"562F-WD",2019-07-31,320,1728.5,77.5,88,22,"TRUE"
"407",42254,"553LFOM-SWD PIG FIN1",2019-07-31,256,1728,81,90,20,"FALSE"
"408",42256,"553L     PIG FIN1",2019-07-31,204,1145,74,79,19,"FALSE"
"409",42256,"567SF-SWD",2019-07-31,212,1453,80,84,17,"FALSE"
"410",42258,"553L     PIG FIN1",2019-07-31,271,1711,80,90,20,"FALSE"
"411",42260,"552S-KN    PIG GRW2",2019-08-01,268,1647,79,90,20,"FALSE"
"412",42261,"552SF-WD",2019-08-01,324,1649,76,87,22,"TRUE"
"413",42269,"552SF-WD",2019-08-01,338,1361,73,87,22,"TRUE"
"414",42270,"566     GESTATION",2019-08-01,294,1401.5,74,85,22,"TRUE"
"415",42272,"552SF-WD",2019-08-01,316,1541,75,85,21,"TRUE"
"416",42276,"552/S1T   PIG GRW2",2019-08-01,258,1121,78,83,16,"FALSE"
"417",42279,"553L     PIG FIN1",2019-08-01,298,1451,75,82,21,"TRUE"
"418",42282,"552F/552FPL   PIG GRW2",2019-08-01,306,1719,77.5,84,22,"TRUE"
"419",42285,"566     GESTATION",2019-08-01,273.5,1514,77.5,82.5,22,"FALSE"
"420",42287,"566     GESTATION",2019-08-01,289,1207,71,76,22,"FALSE"
"421",42290,"552S-KN    PIG GRW2",2019-08-01,289,1239,70,75,21,"FALSE"
"422",42293,"552F/552FPL   PIG GRW2",2019-08-01,331,1325,69,76,22,"TRUE"
"423",42295,"553LF/553LFPL   PIG FIN1",2019-08-01,326,1329,71,78,21,"TRUE"
"424",42297,"552SF-WD",2019-08-02,308,1299,70,75,19,"TRUE"
"425",42303,"552SF-SWD",2019-08-02,345,1365,69,76.5,21,"TRUE"
"426",42304,"552SF-WD",2019-08-02,346.5,1295.5,69,76,22,"TRUE"
"427",42308,"552/S1T   PIG GRW2",2019-08-02,308,1375.5,74.5,79,20,"TRUE"
"428",42308,"552SF-WD",2019-08-02,276,1021,73,87,17,"FALSE"
"429",42310,"552SF-WD",2019-08-02,279,1218,75,80,17,"FALSE"
"430",42313,"552S-KN    PIG GRW2",2019-08-02,287,1714,77,82,21,"FALSE"
"431",42313,"553L     PIG FIN1",2019-08-02,280,1378,76,81,20,"FALSE"
"432",42315,"553L     PIG FIN1",2019-08-02,288,1538.5,76,82,20,"FALSE"
"433",42316,"553LF-WD  PIG FIN1",2019-08-02,300,1613,76,81,20,"TRUE"
"434",42319,"552F/552FPL   PIG GRW2",2019-08-02,321,1604,73,80,22,"TRUE"
"435",42321,"552S-KN    PIG GRW2",2019-08-02,286,1652,77,82,20,"FALSE"
"436",42321,"553L     PIG FIN1",2019-08-02,289,1475,77,85,20,"FALSE"
"437",42324,"553L     PIG FIN1",2019-08-02,298,1643,76,82,20,"TRUE"
"438",42328,"552SF-WD",2019-08-03,334,1438,74,79,21,"TRUE"
"439",42342,"552F/552FPL   PIG GRW2",2019-08-03,329,1381,71,76,21,"TRUE"
"440",42342,"552S-KN    PIG GRW2",2019-08-03,317,1056,70,74,21,"TRUE"
"441",42345,"552S-KN    PIG GRW2",2019-08-03,299,1330.5,72,77,21,"TRUE"
"442",42346,"552F/552FPL   PIG GRW2",2019-08-03,327,1482,71,77,21,"TRUE"
"443",42349,"552SF-WD",2019-08-03,333,1436,72,77,21,"TRUE"
"444",42350,"562P/SP2    GILT GRW",2019-08-03,291,1326,73,81,20,"FALSE"
"445",42351,"553LF/553LFPL   PIG FIN1",2019-08-03,322,1464,76,82,21,"TRUE"
"446",42353,"553L     PIG FIN1",2019-08-03,296,1587,79,84,20,"TRUE"
"447",42356,"552S-KN    PIG GRW2",2019-08-03,305,1503.5,76,82,20,"TRUE"
"448",42361,"552S-KN    PIG GRW2",2019-08-03,299,1428,75,77,20,"TRUE"
"449",42363,"552SF-WD",2019-08-03,343,1401.5,72,76,21,"TRUE"
"450",42363,"553L     PIG FIN1",2019-08-03,268,1214,75,77,19,"FALSE"
"451",42366,"553L     PIG FIN1",2019-08-03,268,1397,78,81,19,"FALSE"
"452",42367,"553L     PIG FIN1",2019-08-03,279,1440,77,79,19,"FALSE"
"453",42372,"553LF/553LFPL   PIG FIN1",2019-08-03,314,1619.5,77,81,21,"TRUE"
"454",42374,"552S-KN    PIG GRW2",2019-08-03,305,1376,74,78,20,"TRUE"
"455",42374,"552SF-WD",2019-08-03,289,1105,73,76,19,"FALSE"
"456",42376,"552SF-WD",2019-08-04,305,1315,76,78,19,"TRUE"
"457",42378,"552S-KN    PIG GRW2",2019-08-04,303,1455,75,79,20,"TRUE"
"458",42378,"553SPF-WD",2019-08-04,315,1434,75,78,20,"TRUE"
"459",42379,"552S-KN    PIG GRW2",2019-08-04,295,1589,78,83,20,"TRUE"
"460",42380,"552S-KN    PIG GRW2",2019-08-04,285,1378,76,80,19,"FALSE"
"461",42380,"552SF-WD",2019-08-04,291,1179,75,77,18,"FALSE"
"462",42381,"552S-KN    PIG GRW2",2019-08-04,289.5,1209,74,76.5,19,"FALSE"
"463",42381,"552SF-WD",2019-08-04,300,1413,74,78,18,"TRUE"
"464",42384,"552S-KN    PIG GRW2",2019-08-04,290,1570,75,80,19,"FALSE"
"465",42384,"552SF-WD",2019-08-04,285,1109.5,75.5,77,17,"FALSE"
"466",42387,"552SF-WD",2019-08-04,298,1100,76,78,17,"TRUE"
"467",42388,"552SF-WD",2019-08-04,318,1188.5,72,77,20,"TRUE"
"468",42391,"552SF-WD",2019-08-04,326,1393,72,77,20,"TRUE"
"469",42395,"553LFOM-SWD PIG FIN1",2019-08-04,248,1349,78,79,17,"FALSE"
"470",42398,"552F/552FPL   PIG GRW2",2019-08-04,296,1664,76,80,20,"TRUE"
"471",42400,"553L     PIG FIN1",2019-08-05,261,1496,75,78,19,"FALSE"
"472",42403,"552SF-WD",2019-08-05,275,1531,76,83,19,"FALSE"
"473",42403,"553LF/553LFPL   PIG FIN1",2019-08-05,255,1527,77,81,19,"FALSE"
"474",42404,"552SF-WD",2019-08-05,293,1561,77,80,19,"TRUE"
"475",42413,"563F   GILT FIN",2019-08-05,317.5,1240.5,72,80,19,"TRUE"
"476",42414,"553LF/553LFPL   PIG FIN1",2019-08-05,265,1449,76,81,18,"FALSE"
"477",42417,"553L     PIG FIN1",2019-08-05,277,1390,77,81,19,"FALSE"
"478",42420,"552F/552FPL   PIG GRW2",2019-08-05,290,1360,77,80,19,"FALSE"
"479",42423,"563F   GILT FIN",2019-08-05,310,1180,75,82,19,"TRUE"
"480",42424,"553SPF-WD",2019-08-05,271,1578.5,77,80,19,"FALSE"
"481",42427,"552SF-WD",2019-08-06,289,1462,76,80,19,"FALSE"
"482",42431,"567SF-SWD",2019-08-06,200,1020,74,73,13,"FALSE"
"483",42434,"553LF-WD  PIG FIN1",2019-08-06,268,1415,76,80,19,"FALSE"
"484",42438,"552SF-WD",2019-08-06,277,1364,77,82,19,"FALSE"
"485",42444,"566F   GESTATION",2019-08-06,304,1256,71,79,20,"TRUE"
"486",42446,"552S-KN PIG GRW2",2019-08-06,277,1581,77,83,19,"FALSE"
"487",42451,"552SF-WD PIG GRW2",2019-08-06,287,1201,74,83,17,"FALSE"
"488",42453,"552SF-SWD",2019-08-06,266,1342,76,81,16,"FALSE"
"489",42455,"552SF-WD PIG GRW2",2019-08-06,311,1479,76,83,19,"TRUE"
"490",42457,"552SF-SWD PIG GRW2",2019-08-06,298,1048.5,74,80,17,"TRUE"
"491",42458,"553LFOM-SWD PIG FIN1",2019-08-06,247,1147,77,80,17,"FALSE"
"492",42553,"552SF-WD PIG GRW2",2019-08-09,331,1445,73,78,19,"TRUE"
"493",42557,"553LF/553LFPL PIG FIN1",2019-08-09,343,1510,74,80,22,"TRUE"
"494",42560,"552F/552FPL PIG GRW2",2019-08-09,361,1410,73,80,21,"TRUE"
"495",42560,"553L PIG FIN1",2019-08-09,290.5,1154,74,79,19,"FALSE"
"496",42561,"552F/552FPL PIG GRW2",2019-08-09,366,1284,72,80,20,"TRUE"
"497",42561,"553L PIG FIN1",2019-08-09,294,1325,75,81,18,"TRUE"
"498",42563,"552F/552FPL PIG GRW2",2019-08-09,360,1401,71,80,20,"TRUE"
"499",42563,"552S-KN PIG GRW2",2019-08-09,317,1286,76,78,21,"TRUE"
"500",42565,"552S-KN PIG GRW2",2019-08-09,311,1414,74,81,21,"TRUE"
"501",42566,"552S-KN PIG GRW2",2019-08-09,331,1442,75,80,22,"TRUE"
"502",42566,"562 GILT GRW",2019-08-09,364,1149,71,79,21,"TRUE"
"503",42568,"562 GILT GRW",2019-08-09,347,1227,72,78,19,"TRUE"
"504",42569,"552SF-WD PIG GRW2",2019-08-09,364,1321,70,77,20,"TRUE"
"505",42572,"566 GESTATION",2019-08-09,291,1150,72,77,19,"FALSE"
"506",42574,"553SPF-WD",2019-08-09,340,1114,70,76,21,"TRUE"
"507",42574,"566S/SP6 GESTATION (SPEC PLF only)",2019-08-09,323,1285.5,71,78,21,"TRUE"
"508",42575,"553SPF-WD",2019-08-09,354,1362,70,77,21,"TRUE"
"509",42576,"553LF-WD PIG FIN1",2019-08-09,347.5,1364,72,79,21,"TRUE"
"510",42578,"552SF-SWD PIG GRW2",2019-08-09,365,1413,72,80,20,"TRUE"
"511",42579,"553LF/553LFPL PIG FIN1",2019-08-10,311,1412,75,82,19,"TRUE"
"512",42582,"553LF/553LFPL PIG FIN1",2019-08-10,316,1270.5,75,81,19,"TRUE"
"513",42583,"552SF-WD PIG GRW2",2019-08-10,338,1429,76,82,19,"TRUE"
"514",42589,"553LF-WD PIG FIN1",2019-08-10,315,1288,76,82,19,"TRUE"
"515",42590,"552F/552FPL PIG GRW2",2019-08-10,343,1258,74,81,19,"TRUE"
"516",42592,"552SF-WD PIG GRW2",2019-08-10,357,1440.5,74,81,20,"TRUE"
"517",42595,"553LFOM-SWD PIG FIN1",2019-08-10,267,1340.5,76,80,18,"FALSE"
"518",42597,"553L PIG FIN1",2019-08-10,337,1405,73,79,20,"TRUE"
"519",42601,"552F/552FPL PIG GRW2",2019-08-10,363,1529.5,74,81,21,"TRUE"
"520",42603,"552S-KN PIG GRW2",2019-08-10,308,1394,74,79,21,"TRUE"
"521",42604,"553LF-WD PIG FIN1",2019-08-10,315,1276.5,73,79,19,"TRUE"
"522",42610,"553SPF-WD",2019-08-11,322,1329,73.5,80,19,"TRUE"
"523",42613,"552SF-WD PIG GRW2",2019-08-11,350,1199,71,78,19,"TRUE"
"524",42620,"552SF-WD PIG GRW2",2019-08-11,357,1157,71,77,19,"TRUE"
"525",42622,"552S-KN PIG GRW2",2019-08-11,317,1438.5,73,79,21,"TRUE"
"526",42624,"553L PIG FIN1",2019-08-11,349,1358,71,77,21,"TRUE"
"527",42629,"553LF/553LFPL PIG FIN1",2019-08-11,354.5,1448,72,80,21,"TRUE"
"528",42630,"552SF-WD PIG GRW2",2019-08-11,360,1108,71,77,19,"TRUE"
"529",42636,"552SF-WD PIG GRW2",2019-08-11,362,1126,70,77,19,"TRUE"
"530",42639,"552S-KN PIG GRW2",2019-08-12,320,1320,72,77,20,"TRUE"
"531",42640,"553L PIG FIN1",2019-08-12,347,1407,73,80,21,"TRUE"
"532",42641,"552SF-WD PIG GRW2",2019-08-12,362,1343,72,79.5,19,"TRUE"
"533",42644,"567SF-SWD",2019-08-12,222,1016,73,73,13,"FALSE"
"534",42645,"552SF-SWD PIG GRW2",2019-08-12,348,1005,72,81,18,"TRUE"
"535",42645,"552SF-WD PIG GRW2",2019-08-12,362,1297,71.5,79,19,"TRUE"
"536",42648,"552SF-SWD PIG GRW2",2019-08-12,343,1156.5,72,80,18,"TRUE"
"537",42680,"552S-KN PIG GRW2",2019-08-13,345,1447,72,79,21,"TRUE"
"538",42687,"553L PIG FIN1",2019-08-13,340,1190,72,80,19,"TRUE"
"539",42690,"552/S1T PIG GRW2",2019-08-13,343,1459,73,81,19,"TRUE"
"540",42693,"553L PIG FIN1",2019-08-13,322,1224,73,81,19,"TRUE"
"541",42696,"552S-KN PIG GRW2",2019-08-13,295.5,1319.5,75,82,19,"TRUE"
"542",42699,"553SPF-WD",2019-08-13,341.5,1179,74,82,19,"TRUE"
"543",42700,"552SF-WD PIG GRW2",2019-08-13,358,1248,72,80,19,"TRUE"
"544",42704,"562F GILT GRW",2019-08-14,350,1399,73,79,19,"TRUE"
"545",42707,"553LF/553LFPL PIG FIN1",2019-08-14,298,1081,74,80,19,"TRUE"
"546",42708,"553LF-WD PIG FIN1",2019-08-14,302,1319,76,83,19,"TRUE"
"547",42710,"552SF-WD PIG GRW2",2019-08-14,344,1178,71.5,79,19,"TRUE"
"548",42715,"552S-KN PIG GRW2",2019-08-14,303,1222,71,80,19,"TRUE"
"549",42718,"552F/552FPL PIG GRW2",2019-08-14,346,1197,70,82,20,"TRUE"
"550",42721,"553L PIG FIN1",2019-08-14,360,1428,72,81,20,"TRUE"
"551",42724,"552S-KN PIG GRW2",2019-08-14,344,1436,73,82,21,"TRUE"
"552",42726,"552S-KN PIG GRW2",2019-08-14,352.5,1137.5,71.5,80,20,"TRUE"
"553",42728,"553LF-WD PIG FIN1",2019-08-14,362,1363,71,82,20,"TRUE"
"554",42730,"562 GILT GRW",2019-08-14,352,1025,69,80,19,"TRUE"
"555",42731,"553SPF-WD",2019-08-14,356,1226,71,81,20,"TRUE"
"556",42734,"553LF/553LFPL PIG FIN1",2019-08-14,347,1198,70,83,20,"TRUE"
"557",42735,"566 GESTATION",2019-08-14,346,1261,69,79,20,"TRUE"
"558",42739,"552SF-WD PIG GRW2",2019-08-14,361.5,1231.5,70,80,20,"TRUE"
"559",42742,"552SF/552SFPL PIG GRW2",2019-08-15,361,1347,70,81,19,"TRUE"
"560",42744,"552SF/552SFPL PIG GRW2",2019-08-15,358,1267,71,81,19,"TRUE"
"561",42745,"566S/SP6 GESTATION (SPEC PLF only)",2019-08-15,336,1322,70,80,20,"TRUE"
"562",42748,"566F GESTATION",2019-08-15,343,1178,72,82,19,"TRUE"
"563",42751,"552SF-WD PIG GRW2",2019-08-15,346.5,1085.5,70,80,17,"TRUE"
"564",42754,"553SPF-WD",2019-08-15,336,1058,74,81,18,"TRUE"
"565",42756,"553SPF-WD",2019-08-15,333,1134,71,78,18,"TRUE"
"566",42758,"552SF-WD PIG GRW2",2019-08-15,305,1106,73,79,16,"TRUE"
"567",42760,"552S-KN PIG GRW2",2019-08-15,302,1254,73,81,19,"TRUE"
"568",42761,"553L PIG FIN1",2019-08-15,334,1357.5,73,82.5,20,"TRUE"
"569",42766,"553SPF-WD",2019-08-15,356,1249.5,71,79,20,"TRUE"
"570",42768,"552F/552FPL PIG GRW2",2019-08-15,363.5,1120,70.5,81,19,"TRUE"
"571",42771,"553LF/553LFPL PIG FIN1",2019-08-15,360,1393,72,81,20,"TRUE"
"572",42775,"553LF/553LFPL PIG FIN1",2019-08-15,353,1137,72,82,20,"TRUE"
"573",42776,"553L PIG FIN1",2019-08-15,357,1379,72,81,21,"TRUE"
"574",42779,"552S-KN PIG GRW2",2019-08-15,332,1445,73,82,20,"TRUE"
"575",42783,"552SF-WD PIG GRW2",2019-08-15,354,1125,72,82,19,"TRUE"
"576",42784,"553LFOM-SWD PIG FIN1",2019-08-16,290,1143,72,81,20,"FALSE"
"577",42788,"552SF-SWD PIG GRW2",2019-08-16,334,1057,72,88,18,"TRUE"
"578",42790,"552SF-WD PIG GRW2",2019-08-16,350,1024,70,88,17,"TRUE"
"579",42799,"553SPF-WD",2019-08-16,348,1253,73,85,19,"TRUE"
"580",42801,"553LF-WD PIG FIN1",2019-08-16,366,1398,71,82,22,"TRUE"
"581",42803,"562F-WD",2019-08-16,366,1091,71,82,19,"TRUE"
"582",42804,"552S-KN PIG GRW2",2019-08-16,361,1386,70,81,21,"TRUE"
"583",42806,"553L PIG FIN1",2019-08-16,358,1079,71.5,82.5,19,"TRUE"
"584",42811,"553LF/553LFPL PIG FIN1",2019-08-16,353,1289,72,82,20,"TRUE"
"585",42814,"553SPF-WD",2019-08-16,357,1172,70,82.5,19,"TRUE"
"586",42816,"562 GILT GRW",2019-08-16,359,1048,69,84,19,"TRUE"
"587",42819,"552F/552FPL PIG GRW2",2019-08-16,359,1041,69,85,19,"TRUE"
"588",42821,"552S-KN PIG GRW2",2019-08-16,337,1203,69,83,20,"TRUE"
"589",42825,"552SF-WD PIG GRW2",2019-08-17,353.5,1040.5,70,83.5,18,"TRUE"
"590",42832,"552F/552FPL PIG GRW2",2019-08-17,352,1162,70,84,18,"TRUE"
"591",42836,"553SPF-WD",2019-08-17,337.5,1084,70,85,18,"TRUE"
"592",42840,"552SF-WD PIG GRW2",2019-08-17,342.5,1040.5,72.5,81.5,17,"TRUE"
"593",42847,"552SF-WD PIG GRW2",2019-08-17,353,1308,70,91,19,"TRUE"
"594",42853,"553L PIG FIN1",2019-08-17,350.5,1233.5,70,91,21,"TRUE"
"595",42856,"552S-KN PIG GRW2",2019-08-18,340.5,1014,69,83.5,19,"TRUE"
"596",42873,"552SF-WD PIG GRW2",2019-08-18,352.5,1027.5,71,83.5,17,"TRUE"
"597",42874,"552SF-SWD PIG GRW2",2019-08-18,360,1204,71,84,19,"TRUE"
"598",42878,"553LFOM-SWD PIG FIN1",2019-08-18,259,1089,72,87,17,"FALSE"
"599",42881,"567SF-SWD",2019-08-19,231,1061,71,82,15,"FALSE"
"600",42885,"566F GESTATION",2019-08-19,312.5,1039,70.5,88,17,"TRUE"
"601",42893,"553LF/553LFPL PIG FIN1",2019-08-19,339.5,1025.5,70,89,19,"TRUE"
"602",42894,"552S-KN PIG GRW2",2019-08-19,332,1001,70,86,19,"TRUE"
"603",42896,"553L PIG FIN1",2019-08-19,360,1202,70,87,21,"TRUE"
"604",42899,"562 GILT GRW",2019-08-19,342,1029,69,80,17,"TRUE"
"605",42905,"553LF-WD PIG FIN1",2019-08-19,340.5,1010,70,86,19,"TRUE"
"606",42911,"552S-KN PIG GRW2",2019-08-19,346.5,1061.5,69,85,19,"TRUE"
"607",42914,"552SF-SWD PIG GRW2",2019-08-20,364,1241,72,88,19,"TRUE"
"608",42920,"552/S1T PIG GRW2",2019-08-20,344.5,1044.5,70,84.5,19,"TRUE"
"609",42921,"552F/552FPL PIG GRW2",2019-08-20,348,1027,69,84,17,"TRUE"
"610",42947,"553LF-WD PIG FIN1",2019-08-21,337,1020,71,85,17,"TRUE"
"611",42950,"552SF-WD PIG GRW2",2019-08-21,359,1060,69,85,18,"TRUE"
"612",42973,"553L PIG FIN1",2019-08-22,342,1029.5,69.5,83,17,"TRUE"
"613",42981,"552SF-WD PIG GRW2",2019-08-22,360,1080,70,83,18,"TRUE"
"614",43006,"553L PIG FIN1",2019-08-22,318,1050,75,80,19,"TRUE"
"615",43044,"552SF-WD PIG GRW2",2019-08-24,359,1025,69,82,18,"TRUE"
"616",43051,"553LF/553LFPL PIG FIN1",2019-08-24,361,1087,69,84,20,"TRUE"
"617",43059,"552SF/552SFPL PIG GRW2",2019-08-24,360,1033,69.5,86,19,"TRUE"
"618",43071,"552S-KN PIG GRW2",2019-08-24,247,1071,73,81,20,"FALSE"
"619",43080,"566 GESTATION",2019-08-25,359,1026,69.5,85,21,"TRUE"
"620",43081,"552SF-WD PIG GRW2",2019-08-25,357,1080,69,84,18,"TRUE"
"621",43123,"552S-KN PIG GRW2",2019-08-26,348,1233.5,70,83,21,"TRUE"
"622",43130,"552SF-SWD PIG GRW2",2019-08-26,331,1275,69,84,21,"TRUE"
"623",43132,"552SF-WD PIG GRW2",2019-08-26,352,1008,70,83,21,"TRUE"
"624",43136,"553LFOM-SWD PIG FIN1",2019-08-27,270,1048,71,85,17,"FALSE"
"625",43147,"567SF-SWD",2019-08-27,236,1088,71,83,15,"FALSE"
"626",43374,"553LFOM-SWD PIG FIN1",2019-09-03,322,1003,69,89,21,"TRUE"
"627",43375,"567SF-SWD",2019-09-03,220,1057.5,70,86,15,"FALSE"
"628",43378,"552SF-WD PIG GRW2",2019-09-03,296,1101,70,87,20,"TRUE"
"629",43407,"553LFOM-SWD PIG FIN1",2019-09-03,297,1000,69,86,20,"TRUE"
"630",43437,"552SF-WD PIG GRW2",2019-09-04,249,1152,74,86,21,"FALSE"
"631",43443,"553LFOM-SWD PIG FIN1",2019-09-05,243,1043,69,86,15,"FALSE"
"632",43445,"552S-KN PIG GRW2",2019-09-05,350,1393,70,89,21,"TRUE"
"633",43464,"553LF-WD PIG FIN1",2019-09-05,309,1045,78,88,21,"TRUE"
"634",43496,"553L PIG FIN1",2019-09-06,355,1352,70,84,21,"TRUE"
"635",43513,"552SF-WD PIG GRW2",2019-09-07,242,1016,76,84,19,"FALSE"
"636",43545,"553SPF-WD",2019-09-08,298,1409,75,87,21,"TRUE"
"637",43547,"553LFOM-SWD PIG FIN1",2019-09-08,240.5,1021.5,76.5,87,15,"FALSE"
"638",43548,"553LF-WD PIG FIN1",2019-09-08,290.5,1615.5,76,90,21,"FALSE"
"639",43550,"553L PIG FIN1",2019-09-08,297.5,1676,76,90,21,"TRUE"
"640",43553,"553LF/553LFPL PIG FIN1",2019-09-08,296,1596.5,76,90,21,"TRUE"
"641",43556,"553LF/553LFPL PIG FIN1",2019-09-09,298,1305,75,91,21,"TRUE"
"642",43568,"553LF-WD PIG FIN1",2019-09-09,340,1277,71,87,23,"TRUE"
"643",43571,"552S-KN PIG GRW2",2019-09-09,356,1440,72,83,21,"TRUE"
"644",43573,"552S-KN PIG GRW2",2019-09-09,358,1606,73,84,23,"TRUE"
"645",43576,"552SF-WD PIG GRW2",2019-09-09,363.5,1257,71,84,21,"TRUE"
"646",43605,"552S-KN PIG GRW2",2019-09-10,352,1247,70,81,21,"TRUE"
"647",43632,"552SF-SWD PIG GRW2",2019-09-11,332,1020,69,87,19,"TRUE"
"648",43633,"553LFOM-SWD PIG FIN1",2019-09-11,282,1034,71,80,18,"FALSE"
"649",43634,"552F/552FPL PIG GRW2",2019-09-11,350,1678.5,72,84,24,"TRUE"
"650",43636,"553LF/553LFPL PIG FIN1",2019-09-11,318,1658,73,85,24,"TRUE"
"651",43638,"552SF-WD PIG GRW2",2019-09-11,360.5,1638.5,73,84,21,"TRUE"
"652",43641,"552S-KN PIG GRW2",2019-09-11,361,1478,72,89,21,"TRUE"
"653",43644,"553L PIG FIN1",2019-09-11,352,1491,72,90,23,"TRUE"
"654",43647,"553SPF-WD",2019-09-11,341,1391,70,87,22,"TRUE"
"655",43658,"553L PIG FIN1",2019-09-12,325,1043.5,70,86,22,"TRUE"
"656",43659,"553LF-WD PIG FIN1",2019-09-12,311,1154.5,70,85,20,"TRUE"
"657",43661,"553LF/553LFPL PIG FIN1",2019-09-12,301,1081.5,70,84,22,"TRUE"
"658",43671,"553LF-WD PIG FIN1",2019-09-12,321,1020,70,86,20,"TRUE"
"659",43677,"553L PIG FIN1",2019-09-12,337.5,1425,70,88,23,"TRUE"
"660",43688,"553LFOM-SWD PIG FIN1",2019-09-12,263,1065,72,88,18,"FALSE"
"661",43692,"553L PIG FIN1",2019-09-12,297,1017,71,88,21,"TRUE"
"662",43693,"553LF-WD PIG FIN1",2019-09-13,296,1222,71,87,21,"TRUE"
"663",43695,"552SF-WD PIG GRW2",2019-09-13,357,1238.5,70,87,21,"TRUE"
"664",43698,"552SF-WD PIG GRW2",2019-09-13,333,1291.5,72,89,21,"TRUE"
"665",43702,"553L PIG FIN1",2019-09-13,316,1229,70,85,23,"TRUE"
"666",43704,"552F/552FPL PIG GRW2",2019-09-13,343.5,1299,70,82,23,"TRUE"
"667",43705,"552SF-WD PIG GRW2",2019-09-13,338,1226,71,83,20,"TRUE"
"668",43707,"552SF-WD PIG GRW2",2019-09-13,345,1319.5,71,83,20,"TRUE"
"669",43710,"552S-KN PIG GRW2",2019-09-13,349,1345.5,70,82,21,"TRUE"
"670",43712,"553LF/553LFPL PIG FIN1",2019-09-13,304,1201,70,83,21,"TRUE"
"671",43714,"552S-KN PIG GRW2",2019-09-13,335,1320,70,85,21,"TRUE"
"672",43754,"552SF-WD PIG GRW2",2019-09-15,357,1002,70,87,16,"TRUE"
"673",43781,"567SF-SWD",2019-09-16,249,1026,71,80,13,"FALSE"
"674",43786,"553L PIG FIN1",2019-09-16,356,1347,69.5,89,22,"TRUE"
"675",43803,"553LFOM-SWD PIG FIN1",2019-09-17,306,1069,69,84,17,"TRUE"
"676",43833,"553LFOM-SWD PIG FIN1",2019-09-17,341.5,1031.5,71,81.5,17,"TRUE"
"677",43836,"553LF-WD PIG FIN1",2019-09-18,314,1083.5,72,86,16,"TRUE"
"678",43872,"553LF-WD PIG FIN1",2019-09-19,295,1048,71,90,16,"TRUE"
"679",43887,"552S-KN PIG GRW2",2019-09-19,358.5,1203,70,87,18,"TRUE"
"680",43890,"553L PIG FIN1",2019-09-19,353,1085.5,69,86,18,"TRUE"
"681",43893,"552S-KN PIG GRW2",2019-09-19,358.5,1128.5,69,86,18,"TRUE"
"682",43902,"552SF-WD PIG GRW2",2019-09-19,331.5,1020,74,86,17,"TRUE"
"683",43905,"553LFOM-SWD PIG FIN1",2019-09-19,304,1015.5,69,84,17,"TRUE"
"684",43916,"552S-KN PIG GRW2",2019-09-20,300.5,1176,71,90,18,"TRUE"
"685",43918,"562F-WD",2019-09-20,331,1040.5,72,86.5,16,"TRUE"
"686",43921,"552S-KN PIG GRW2",2019-09-20,311,1054,71,85,18,"TRUE"
"687",43925,"552SF-WD PIG GRW2",2019-09-20,294,1050.5,71,83,14,"TRUE"
"688",43932,"553L PIG FIN1",2019-09-20,353,1126.5,72,87,18,"TRUE"
"689",43937,"553LF-WD PIG FIN1",2019-09-20,340,1113,70,85,19,"TRUE"
"690",43941,"553LFOM-SWD PIG FIN1",2019-09-21,249,1018,74,91,14,"FALSE"
"691",43949,"552SF-WD PIG GRW2",2019-09-21,349,1040,70,86,18,"TRUE"
"692",43956,"562 GILT GRW",2019-09-21,365,1019,69,86,17,"TRUE"
"693",43957,"552S-KN PIG GRW2",2019-09-21,316,1037.5,69,85,18,"TRUE"
"694",43984,"552S-KN PIG GRW2",2019-09-22,291.5,1048,72,88,18,"FALSE"
"695",43985,"552SF-WD PIG GRW2",2019-09-22,277,1011.5,71,87.5,14,"FALSE"
"696",44003,"552SF-WD PIG GRW2",2019-09-23,329,1043,69,85,16,"TRUE"
"697",44010,"553LF-WD PIG FIN1",2019-09-23,353,1123,72,89,19,"TRUE"
"698",44032,"553L PIG FIN1",2019-09-24,331,1068,75,91,17,"TRUE"
"699",44035,"553L PIG FIN1",2019-09-24,350.5,1038,69,91,17,"TRUE"
"700",44037,"552S-KN PIG GRW2",2019-09-24,313.5,1051,70,84,17,"TRUE"
"701",44039,"552SF-WD PIG GRW2",2019-09-24,348,1053,70,85,17,"TRUE"
"702",44042,"553LFOM-SWD PIG FIN1",2019-09-24,309,1026,70,85,17,"TRUE"
"703",44044,"552SF-WD PIG GRW2",2019-09-25,334.5,1052,71,85,17,"TRUE"
"704",44061,"552SF-WD PIG GRW2",2019-09-25,336,1081,71,91,17,"TRUE"
"705",44065,"553L PIG FIN1",2019-09-25,344,1059,70,90,18,"TRUE"
"706",44068,"552S-KN PIG GRW2",2019-09-25,339,1101,70,90,18,"TRUE"
"707",44070,"553SPF-WD",2019-09-25,335.5,1078,69,86,17,"TRUE"
"708",44075,"553SPF-WD",2019-09-25,344,1041,71,87,17,"TRUE"
"709",44083,"553L PIG FIN1",2019-09-26,362,1075,69,86,18,"TRUE"
"710",44088,"552SF-WD PIG GRW2",2019-09-26,333,1019,70,91,18,"TRUE"
"711",44089,"553LFOM-SWD PIG FIN1",2019-09-26,265.5,1019,73.5,87,16,"FALSE"
"712",44107,"552/S1T PIG GRW2",2019-09-26,339,1052,70,84,17,"TRUE"
"713",44111,"552SF-WD PIG GRW2",2019-09-27,316,1009,70,84,15,"TRUE"
"714",44118,"553LFOM-SWD PIG FIN1",2019-09-27,266,1109,74,86,17,"FALSE"
"715",44120,"552S-KN PIG GRW2",2019-09-27,313,1044.5,69,83,17,"TRUE"
"716",44123,"553LF-WD PIG FIN1",2019-09-27,334,1026,69,85,17,"TRUE"
"717",44124,"552SF-WD PIG GRW2",2019-09-27,357,1001,69,85,17,"TRUE"
"718",44134,"553L PIG FIN1",2019-09-27,353.5,1012,70,85,17,"TRUE"
"719",44157,"553L PIG FIN1",2019-09-28,345,1050.5,73,88,19,"TRUE"
"720",44186,"553LF-WD PIG FIN1",2019-09-30,343,1087,69,90,20,"TRUE"
"721",44187,"552SF-WD PIG GRW2",2019-09-30,334,1038,71,89,18,"TRUE"
"722",44209,"553L PIG FIN1",2019-09-30,254,1048,71,89,13,"FALSE"
"723",44212,"552SF-WD PIG GRW2",2019-10-01,298,1020,70,90,17,"TRUE"
"724",44218,"552/S1T PIG GRW2",2019-10-01,317,1006,69,90,17,"TRUE"
"725",44219,"552S-KN PIG GRW2",2019-10-01,308,1175,72,87,19,"TRUE"
"726",44225,"562 GILT GRW",2019-10-01,353,1034,71,87,19,"TRUE"
"727",44229,"553LF-WD PIG FIN1",2019-10-01,340.5,1012.5,71,88,19,"TRUE"
"728",44231,"553L PIG FIN1",2019-10-01,345,1071.5,71,87,19,"TRUE"
"729",44234,"562 GILT GRW",2019-10-01,357,1121,70,89,19,"TRUE"
"730",44236,"552S-KN PIG GRW2",2019-10-01,328,1130,70,89,20,"TRUE"
"731",44240,"553LF-WD PIG FIN1",2019-10-01,349,1109,70,89,20,"TRUE"
"732",44241,"553LF-SWD PIG FIN1",2019-10-02,282,1022,73,89,15,"FALSE"
"733",44243,"552SF-WD PIG GRW2",2019-10-02,334.5,1148.5,71,89,21,"TRUE"
"734",44251,"552SF-SWD PIG GRW2",2019-10-02,303,1027,71,87.5,18,"TRUE"
"735",44252,"552S-KN PIG GRW2",2019-10-02,303,1044,70,86,19,"TRUE"
"736",44254,"553LF-WD PIG FIN1",2019-10-02,310.5,1039,72,88,17,"TRUE"
"737",44261,"552SF-WD PIG GRW2",2019-10-02,342,1091.5,70,87,19,"TRUE"
"738",44267,"552S-KN PIG GRW2",2019-10-02,356,1100,70,90,21,"TRUE"
"739",44270,"553LF-WD PIG FIN1",2019-10-02,341.5,1032.5,70,89,19,"TRUE"
"740",44273,"552SF-SWD PIG GRW2",2019-10-03,318,1065,72,90,18,"TRUE"
"741",44274,"553LF-WD PIG FIN1",2019-10-03,295,1031.5,72,90,17,"TRUE"
"742",44280,"552SF-WD PIG GRW2",2019-10-03,334,1091,71,86,19,"TRUE"
"743",44293,"553L PIG FIN1",2019-10-03,339,1079,70,89,20,"TRUE"
"744",44296,"553LF-WD PIG FIN1",2019-10-03,332,1125,70,88,19,"TRUE"
"745",44299,"553LFOM-SWD PIG FIN1",2019-10-03,273,1076.5,70,87,18,"FALSE"
"746",44301,"552SF-WD PIG GRW2",2019-10-04,340,1188,71,90,21,"TRUE"
"747",44307,"553LF-WD PIG FIN1",2019-10-04,342.5,1289.5,71.5,91,21,"TRUE"
"748",44308,"552S-KN PIG GRW2",2019-10-04,330,1162,71,87,21,"TRUE"
"749",44309,"553LF-WD PIG FIN1",2019-10-04,340,1243,72,89,20,"TRUE"
"750",44312,"552S-KN PIG GRW2",2019-10-04,339,1136.5,70,87,20,"TRUE"
"751",44410,"552SF-WD PIG GRW2",2019-10-08,257,1006,73,86,13,"FALSE"
"752",44417,"552S-KN PIG GRW2",2019-10-08,315,1232,73,89,20,"TRUE"
"753",44420,"552S-KN PIG GRW2",2019-10-08,318,1161,70,87,20,"TRUE"
"754",44422,"562 GILT GRW",2019-10-08,366,1015,70,87,19,"TRUE"
"755",44436,"552SF-WD PIG GRW2",2019-10-09,328,1039,71,89,18,"TRUE"
"756",44439,"552S-KN PIG GRW2",2019-10-09,302,1117,71,88,18,"TRUE"
"757",44443,"553L PIG FIN1",2019-10-09,311,1083,71,89,18,"TRUE"
"758",44446,"562 GILT GRW",2019-10-09,345,1078,70,88,19,"TRUE"
"759",44448,"553LF-WD PIG FIN1",2019-10-09,322,1065,70,89,19,"TRUE"
"760",44450,"552S-KN PIG GRW2",2019-10-09,299,1012,70,85,19,"TRUE"
"761",44453,"552SF-WD PIG GRW2",2019-10-09,310,1046.5,71,86,18,"TRUE"
"762",44457,"553LF-SWD PIG FIN1",2019-10-09,305,1014,70,86,19,"TRUE"
"763",44465,"552S-KN PIG GRW2",2019-10-10,236,1011,69,88,16,"FALSE"
"764",44469,"553LF-WD PIG FIN1",2019-10-10,300,1119,70,90,18,"TRUE"
"765",44474,"552SF-WD PIG GRW2",2019-10-10,339,1266,71,90,21,"TRUE"
"766",44479,"553L PIG FIN1",2019-10-10,286,1068,70,83,19,"FALSE"
"767",44484,"552SF-WD PIG GRW2",2019-10-10,281,1067,72,86,19,"FALSE"
"768",44488,"552S-KN PIG GRW2",2019-10-10,271,1024,70,84,19,"FALSE"
"769",44490,"0.00",2019-10-11,314.5,1037,70,85,19,"TRUE"
"770",44502,"0.00",2019-10-11,266,1018,70,87,17,"FALSE"
"771",44504,"552SF-WD PIG GRW2",2019-10-11,251,1035,72,88,16,"FALSE"
"772",44508,"552S-KN PIG GRW2",2019-10-11,283,1150.5,70,87,20,"FALSE"
"773",44510,"562F GILT GRW",2019-10-11,361,1123,70,83,20,"TRUE"
"774",44513,"0.00",2019-10-11,333,1251,71,83,20,"TRUE"
"775",44515,"0.00",2019-10-11,331,1017,70,87,19,"TRUE"
"776",44517,"0.00",2019-10-11,300,1105,72,88,19,"TRUE"
"777",44520,"552S-KN PIG GRW2",2019-10-11,266,1053,71,85,19,"FALSE"
"778",44523,"552S-KN PIG GRW2",2019-10-11,261,1005.5,71.5,81,17,"FALSE"
"779",44524,"552SF-WD PIG GRW2",2019-10-11,270,1026,70,84,18,"FALSE"
"780",44539,"552SF-WD PIG GRW2",2019-10-12,284.5,1025.5,71,85,18,"FALSE"
"781",44540,"553LF-SWD PIG FIN1",2019-10-12,274.5,1061,72,87,17,"FALSE"
"782",44544,"0.00",2019-10-12,317,1040,70,86,19,"TRUE"
"783",44545,"553LF-WD PIG FIN1",2019-10-12,337.5,1092,71,88,19,"TRUE"
"784",44550,"552S-KN PIG GRW2",2019-10-12,273,1043,71,86,17,"FALSE"
"785",44556,"553LF-WD PIG FIN1",2019-10-12,268,1019,72,86,15,"FALSE"
"786",44558,"553L PIG FIN1",2019-10-13,289,1057,70,86,18,"FALSE"
"787",44584,"552SF-SWD PIG GRW2",2019-10-15,281,1025.5,69,84.5,18,"FALSE"
"788",44594,"553LF-SWD PIG FIN1",2019-10-15,270,1033,71,90,17,"FALSE"
"789",44599,"552SF-WD PIG GRW2",2019-10-15,267.5,1045,72,87,17,"FALSE"
"790",44606,"552S-KN PIG GRW2",2019-10-15,300,1228,71,87,21,"TRUE"
"791",44611,"553L PIG FIN1",2019-10-15,330.5,1310.5,73,89,21,"TRUE"
"792",44613,"552SF-WD PIG GRW2",2019-10-15,288,1164,72,87,19,"FALSE"
"793",44625,"566 GESTATION",2019-10-16,324.5,1044,70.5,88,20,"TRUE"
"794",44627,"553LF-WD PIG FIN1",2019-10-16,331,1034,70,90,18,"TRUE"
"795",44630,"553L PIG FIN1",2019-10-16,341,1108,71,86,21,"TRUE"
"796",44633,"552SF-WD PIG GRW2",2019-10-16,314,1204,71,86,21,"TRUE"
"797",44638,"553L PIG FIN1",2019-10-16,328,1055,71,86,21,"TRUE"
"798",44642,"552SF-WD PIG GRW2",2019-10-17,294,1071,71,85,19,"TRUE"
"799",44649,"553LF-SWD PIG FIN1",2019-10-17,297,1013.5,70,85,18,"TRUE"
"800",44653,"552/S1T PIG GRW2",2019-10-17,286,1043,69,85,17,"FALSE"
"801",44657,"552SF-WD PIG GRW2",2019-10-17,277,1071,71,85,18,"FALSE"
"802",44659,"552S-KN PIG GRW2",2019-10-17,303,1089,71,82,19,"TRUE"
"803",44663,"553LF/553LFPL PIG FIN1",2019-10-17,360,1124,70,82,19,"TRUE"
"804",44666,"553LF-WD PIG FIN1",2019-10-17,358,1155,70,81,19,"TRUE"
"805",44668,"552SF-WD PIG GRW2",2019-10-17,309,1303,73,84,18,"TRUE"
"806",44671,"562 GILT GRW",2019-10-17,340.5,1030,72,86,16,"TRUE"
"807",44672,"553L PIG FIN1",2019-10-17,325,1048,70,85,18,"TRUE"
"808",44673,"553LF-WD PIG FIN1",2019-10-17,343,1057,70,85,18,"TRUE"
"809",44676,"552SF-WD PIG GRW2",2019-10-17,290,1015,73,84.5,17,"FALSE"
"810",44683,"552SF-WD PIG GRW2",2019-10-18,252,1018.5,70,83,16,"FALSE"
"811",44690,"553L PIG FIN1",2019-10-18,349,1352,73,90,20,"TRUE"
"812",44694,"552SF-WD PIG GRW2",2019-10-18,322,1447,73,89,20,"TRUE"
"813",44698,"553LF-WD PIG FIN1",2019-10-18,340.5,1174,73,87,18,"TRUE"
"814",44702,"552SF-SWD PIG GRW2",2019-10-18,289,1057,72,86,17,"FALSE"
"815",44704,"553LFOM-SWD PIG FIN1",2019-10-18,290,1099,72,85,18,"FALSE"
"816",44705,"553LF-WD PIG FIN1",2019-10-19,261.5,1011,74,87,13,"FALSE"
"817",44712,"553LF-SWD PIG FIN1",2019-10-19,302,1005,70.5,86.5,16,"TRUE"
"818",44714,"553L PIG FIN1",2019-10-19,300,1048,70,85,16,"TRUE"
"819",44717,"552SF-WD PIG GRW2",2019-10-19,282,1096,72,86,16,"FALSE"
"820",44720,"553SPF-WD",2019-10-19,310,1060.5,71,86,18,"TRUE"
"821",44722,"553L PIG FIN1",2019-10-19,344,1110,70,85,19,"TRUE"
"822",44723,"553SPF-WD",2019-10-19,319,1080,71,85,18,"TRUE"
"823",44734,"553L PIG FIN1",2019-10-19,334,1082.5,70,86,18,"TRUE"
"824",44744,"552SF-WD PIG GRW2",2019-10-20,282,1001,70,87,16,"FALSE"
"825",44749,"552SF-WD PIG GRW2",2019-10-20,306,1066,71.5,87,18,"TRUE"
"826",44750,"552/S1T PIG GRW2",2019-10-20,304,1082,70,85,18,"TRUE"
"827",44752,"553LF-WD PIG FIN1",2019-10-20,342,1036,69,85,18,"TRUE"
"828",44753,"553L PIG FIN1",2019-10-20,326.5,1101,71,87,18,"TRUE"
"829",44755,"552SF-WD PIG GRW2",2019-10-20,268,1029.5,73,87,14,"FALSE"
"830",44762,"553LF-WD PIG FIN1",2019-10-21,288,1011,70,89,15,"FALSE"
"831",44767,"553LF-WD PIG FIN1",2019-10-21,324,1052,70,89,16,"TRUE"
"832",44770,"552S-KN PIG GRW2",2019-10-21,314,1178,71,90,18,"TRUE"
"833",44773,"552SF-WD PIG GRW2",2019-10-21,312,1087,70,86,18,"TRUE"
"834",44775,"553L PIG FIN1",2019-10-21,301,1101,70,88,18,"TRUE"
"835",44779,"552F-WD PIG GRW2",2019-10-21,331,1199,70,88,18,"TRUE"
"836",44785,"552F-WD PIG GRW2",2019-10-21,323,1216,71,88,18,"TRUE"
"837",44789,"552SF-SWD PIG GRW2",2019-10-21,261,1116,72,85,16,"FALSE"
"838",44813,"552F-WD PIG GRW2",2019-10-22,350,1041,69,88,18,"TRUE"
"839",44814,"553L PIG FIN1",2019-10-22,334,1257.5,71,88,19,"TRUE"
"840",44817,"552S-KN PIG GRW2",2019-10-22,295,1101,70,87,19,"TRUE"
"841",44818,"553L PIG FIN1",2019-10-22,323.5,1309,71,89,19,"TRUE"
"842",44820,"553L PIG FIN1",2019-10-22,328,1247,70,88,19,"TRUE"
"843",44823,"562F-WD",2019-10-22,357.5,1117.5,69,88,17,"TRUE"
"844",44827,"552S-KN PIG GRW2",2019-10-23,297,1099,70,86,17,"TRUE"
"845",44836,"552F-WD PIG GRW2",2019-10-23,333.5,1323,71,86,19,"TRUE"
"846",44839,"566 GESTATION",2019-10-23,351,1035,69,85,21,"TRUE"
"847",44841,"553LF-WD PIG FIN1",2019-10-23,302,1190,71,86,19,"TRUE"
"848",44843,"552F-WD PIG GRW2",2019-10-23,320,1319,71,87,18,"TRUE"
"849",44846,"553LF-WD PIG FIN1",2019-10-24,302,1088,70,86,18,"TRUE"
"850",44856,"552F-WD PIG GRW2",2019-10-24,297,1309.5,73,90,18,"TRUE"
"851",44858,"562 GILT GRW",2019-10-24,365,1406,71,90,21,"TRUE"
"852",44861,"552S-KN PIG GRW2",2019-10-24,258,1048.5,71,87,16,"FALSE"
"853",44863,"562F-WD",2019-10-24,359,1037,69,89,18,"TRUE"
"854",44865,"566 GESTATION",2019-10-24,347,1195,69,89,21,"TRUE"
"855",44866,"553LF-WD PIG FIN1",2019-10-24,320.5,1206.5,71,90,19,"TRUE"
"856",44868,"553L PIG FIN1",2019-10-24,310,1167,70,87,19,"TRUE"
"857",44873,"553LF-WD PIG FIN1",2019-10-25,287.5,1146.5,72,88,17,"FALSE"
"858",44875,"552F-WD PIG GRW2",2019-10-25,294.5,1004.5,70,86,16,"TRUE"
"859",44882,"553LF-WD PIG FIN1",2019-10-25,280,1064,73,90,16,"FALSE"
"860",44887,"553L PIG FIN1",2019-10-25,302,1055,70,89,18,"TRUE"
"861",44890,"553L PIG FIN1",2019-10-25,290,1110,72,91,18,"FALSE"
"862",44892,"552F-WD PIG GRW2",2019-10-25,316,1196,71,91,18,"TRUE"
"863",44896,"552SF-SWD PIG GRW2",2019-10-25,279.5,1052,70,90,18,"FALSE"
"864",44897,"553LF-SWD PIG FIN1",2019-10-25,304,1198,72,91,18,"TRUE"
"865",44899,"553LFOM-SWD PIG FIN1",2019-10-25,228.5,1048,75,91,14,"FALSE"
"866",44901,"553LF-WD PIG FIN1",2019-10-25,320,1411.5,73,92,20,"TRUE"
"867",44903,"553LF-WD PIG FIN1",2019-10-25,281,1145,74,92,16,"FALSE"
"868",44907,"552F-WD PIG GRW2",2019-10-26,324.5,1207,71,89.5,18,"TRUE"
"869",44916,"552F-WD PIG GRW2",2019-10-26,262.5,1052.5,69.5,83.5,14,"FALSE"
"870",44923,"552S-KN PIG GRW2",2019-10-26,265,1076,73,87,16,"FALSE"
"871",44927,"552F-WD PIG GRW2",2019-10-26,301,1083,71,87,16,"TRUE"
"872",44942,"553L PIG FIN1",2019-10-28,282,1171,71,86,17,"FALSE"
"873",44944,"552S-KN PIG GRW2",2019-10-28,243,1084,71,85,15,"FALSE"
"874",44949,"553LF-WD PIG FIN1",2019-10-28,302,1118,72,88,16,"TRUE"
"875",44952,"553LF-WD PIG FIN1",2019-10-28,303,1223.5,73,89,17,"TRUE"
"876",44955,"552F-WD PIG GRW2",2019-10-28,327,1323,72,88,19,"TRUE"
"877",44959,"553L PIG FIN1",2019-10-28,301,1208,72,88,18,"TRUE"
"878",44965,"552S-KN PIG GRW2",2019-10-28,268,1197,72,87,18,"FALSE"
"879",44966,"553LF-WD PIG FIN1",2019-10-28,321,1169,71,88,19,"TRUE"
"880",44967,"552SF-SWD PIG GRW2",2019-10-28,271,1022,72,87,16,"FALSE"
"881",44969,"553LFOM-SWD PIG FIN1",2019-10-28,251,1043.5,74,88,16,"FALSE"
"882",44973,"552F-WD PIG GRW2",2019-10-29,314,1089,71,91,18,"TRUE"
"883",44979,"552S-KN PIG GRW2",2019-10-29,261,1016,72,86,15,"FALSE"
"884",44982,"553LF-WD PIG FIN1",2019-10-29,313.5,1091.5,71,88,18,"TRUE"
"885",44983,"552F-WD PIG GRW2",2019-10-29,331,1091,71,88,17,"TRUE"
"886",44988,"553L PIG FIN1",2019-10-29,289,1108,72,89,17,"FALSE"
"887",44995,"552S-KN PIG GRW2",2019-10-29,272.5,1083,71,86,18,"FALSE"
"888",44997,"553LF-WD PIG FIN1",2019-10-29,337,1436,74,91,21,"TRUE"
"889",45000,"552F-WD PIG GRW2",2019-10-30,324,1238,73,90,18,"TRUE"
"890",45003,"552F-WD PIG GRW2",2019-10-30,334,1032.5,70,87,18,"TRUE"
"891",45078,"553L PIG FIN1",2019-11-01,325,1219,70,91,18,"TRUE"
"892",45082,"553LF-WD PIG FIN1",2019-11-01,320,1145,70,87,18,"TRUE"
"893",45085,"553LFOM-SWD PIG FIN1",2019-11-01,226,1025,73,86,14,"FALSE"
"894",45088,"553LF-SWD PIG FIN1",2019-11-01,279,1050,71,86,15,"FALSE"
"895",45090,"552S-KN PIG GRW2",2019-11-02,263,1074,71,85,15,"FALSE"
"896",45094,"553LF-WD PIG FIN1",2019-11-02,309,1084.5,70,88,17,"TRUE"
"897",45095,"552F-WD PIG GRW2",2019-11-02,318,1207,71,88,17,"TRUE"
"898",45105,"552F-WD PIG GRW2",2019-11-02,277,1063,72,86,14,"FALSE"
"899",45111,"553L PIG FIN1",2019-11-02,284,1034,72,86,16,"FALSE"
"900",45115,"552S-KN PIG GRW2",2019-11-02,263,1069,72,86,16,"FALSE"
"901",45118,"552S-KN PIG GRW2",2019-11-02,268,1080,72,85,16,"FALSE"
"902",45121,"553LF-WD PIG FIN1",2019-11-03,295,1116,71,87,17,"TRUE"
"903",45125,"553LF-WD PIG FIN1",2019-11-03,291,1070,71,86,16,"FALSE"
"904",45130,"562 GILT GRW",2019-11-03,292.5,1046.5,71,88,18,"TRUE"
"905",45141,"552F-WD PIG GRW2",2019-11-04,344,1101,70,88,16,"TRUE"
"906",45147,"553L PIG FIN1",2019-11-04,309.5,1102.5,69,85,18,"TRUE"
"907",45148,"553LF-WD PIG FIN1",2019-11-04,313,1201.5,72,88,18,"TRUE"
"908",45151,"553LF-WD PIG FIN1",2019-11-04,316,1115,70,87,18,"TRUE"
"909",45153,"553LFOM-SWD PIG FIN1",2019-11-04,251,1014,71.5,86,16,"FALSE"
"910",45155,"552F-WD PIG GRW2",2019-11-04,342,1045,72,89,17,"TRUE"
"911",45157,"552F-WD PIG GRW2",2019-11-05,316,1104.5,70,87,16,"TRUE"
"912",45158,"552SF-SWD PIG GRW2",2019-11-05,315.5,1029.5,70.5,89,16,"TRUE"
"913",45164,"553LF-SWD PIG FIN1",2019-11-05,318,1063,71,90,16,"TRUE"
"914",45165,"553LF-WD PIG FIN1",2019-11-05,337,1155,70,90,17,"TRUE"
"915",45168,"553SPF-WD",2019-11-05,313,1182,70,89,17,"TRUE"
"916",45170,"552/S1T PIG GRW2",2019-11-05,302.5,1114.5,70,87,17,"TRUE"
"917",45171,"552S-KN PIG GRW2",2019-11-05,280,1434.5,72,88.5,20,"FALSE"
"918",45175,"552F-WD PIG GRW2",2019-11-05,343,1513,73,91,20,"TRUE"
"919",45177,"562F GILT GRW",2019-11-05,355.5,1107.5,71,90,19,"TRUE"
"920",45179,"562 GILT GRW",2019-11-05,365,1225,70,88,19,"TRUE"
"921",45181,"553LF-WD PIG FIN1",2019-11-05,316,1172,70,87,19,"TRUE"
"922",45183,"552F-WD PIG GRW2",2019-11-05,312,1148,70,87,18,"TRUE"
"923",45187,"553LF-WD PIG FIN1",2019-11-05,299,1376,72,89,19,"TRUE"
"924",45189,"553SPF-WD",2019-11-05,324,1044.5,70,89,18,"TRUE"
"925",45190,"553SPF-WD",2019-11-06,297,1352,73,91,19,"TRUE"
"926",45193,"566F GESTATION",2019-11-06,333,1023,69,89,18,"TRUE"
"927",45196,"553L PIG FIN1",2019-11-06,295.5,1218,69,89,19,"TRUE"
"928",45197,"553L PIG FIN1",2019-11-06,309.5,1185.5,70,90,19,"TRUE"
"929",45200,"553SPF-WD",2019-11-06,292,1007,71,92,19,"TRUE"
"930",45201,"552S-KN PIG GRW2",2019-11-06,272,1207,69,87,19,"FALSE"
"931",45203,"552F-WD PIG GRW2",2019-11-06,335,1318,70,87,19,"TRUE"
"932",45209,"552S-KN PIG GRW2",2019-11-06,270,1309,72,87,18,"FALSE"
"933",45213,"562F GILT GRW",2019-11-06,344,1075,69,88,17,"TRUE"
"934",45216,"553LF-WD PIG FIN1",2019-11-06,300,1222,72,89,18,"TRUE"
"935",45217,"562F GILT GRW",2019-11-06,305,1048.5,72,88,19,"TRUE"
"936",45219,"553LF-WD PIG FIN1",2019-11-06,264,1028,71,85,16,"FALSE"
"937",45221,"552SF-SWD PIG GRW2",2019-11-06,256,1228.5,72,85,18,"FALSE"
"938",45222,"552S-KN PIG GRW2",2019-11-06,256,1100,70,83,18,"FALSE"
"939",45226,"553L PIG FIN1",2019-11-07,268,1251.5,70,84,18,"FALSE"
"940",45227,"552F-WD PIG GRW2",2019-11-07,261,1095,72,85,15,"FALSE"
"941",45231,"553L PIG FIN1",2019-11-07,281,1216,70,85,19,"FALSE"
"942",45236,"562F-WD",2019-11-07,335,1064,70,88,17,"TRUE"
"943",45240,"553LF-WD PIG FIN1",2019-11-07,282,1051,71,86,16,"FALSE"
"944",45245,"553LF-WD PIG FIN1",2019-11-07,237.5,1007,74.5,88,16,"FALSE"
"945",45250,"552F-WD PIG GRW2",2019-11-07,282,1020,70,87,16,"FALSE"
"946",45253,"553L PIG FIN1",2019-11-08,282,1163,70,87,18,"FALSE"
"947",45257,"553L PIG FIN1",2019-11-08,285.5,1079.5,71,87,18,"FALSE"
"948",45265,"553SPF-WD",2019-11-08,261.5,1088,70,86,16,"FALSE"
"949",45267,"553LF-WD PIG FIN1",2019-11-08,284,1012,69,87,16,"FALSE"
"950",45268,"562F-WD",2019-11-08,311,1090.5,71,88.5,16,"TRUE"
"951",45270,"553LF-WD PIG FIN1",2019-11-08,246,1008,72,86,14,"FALSE"
"952",45304,"553SPF-WD",2019-11-09,147,1086,72,83,16,"FALSE"
